product_link,product_name,price,category
https://www.flipkart.com/bruton-ring-854-light-weight-walking-gym-sports-running-shoes-men/p/itm4647369d1241b?pid=SHOHBFDU9DTEKHYH&lid=LSTSHOHBFDU9DTEKHYHBYHPJD&marketplace=FLIPKART&q=sports+shoes+for+men&store=osp%2Fcil%2F1cu&srno=s_1_1&otracker=search&otracker1=search&fm=Search&iid=en_-3NtHrfq3O1vT-6JqmUo4NGfttAUbBDG5N0LJ1SxVU9FaxeHXEs-xD3cNMAwcSWFlWPR3r3tvmRbg_yeJjNCRw%3D%3D&ppt=sp&ppn=sp&ssid=6radzo8sg00000001766863330755&qH=f972ce6c5fecb395,"BRUTON 
Ring-854 |light Weight |Walking & Gym Sports | Running Shoes For Men  (Beige , 10)",466,shoes
https://www.flipkart.com/bruton-eva-lite-sport-shoes-running-men/p/itmc708b7b639208?pid=SHOHBYCAGRYMQ5MM&lid=LSTSHOHBYCAGRYMQ5MMJTUCTY&marketplace=FLIPKART&q=sports+shoes+for+men&store=osp%2Fcil%2F1cu&srno=s_1_2&otracker=search&otracker1=search&fm=Search&iid=en_-3NtHrfq3O1vT-6JqmUo4NGfttAUbBDG5N0LJ1SxVU9s-QrVj3TSaP2tOmCKxa6ZwrsqsZA3uuNFfePENHWT3Q%3D%3D&ppt=sp&ppn=sp&ssid=6radzo8sg00000001766863330755&qH=f972ce6c5fecb395,"BRUTON 
EVA Lite Sport Shoes Running Shoes For Men  (White , 10)",451,shoes
https://www.flipkart.com/free-kicks-fk-447-dailywear-running-shoes-men/p/itm0240fdb438236?pid=SHOGWUPK4GPJABBT&lid=LSTSHOGWUPK4GPJABBT782HES&marketplace=FLIPKART&q=sports+shoes+for+men&store=osp%2Fcil%2F1cu&srno=s_1_3&otracker=search&otracker1=search&fm=Search&iid=en_-3NtHrfq3O1vT-6JqmUo4NGfttAUbBDG5N0LJ1SxVU9mEJMBdcimErmvwH7CNNiaUUuoLYW_us-EMre80VN-Jg%3D%3D&ppt=sp&ppn=sp&ssid=6radzo8sg00000001766863330755&qH=f972ce6c5fecb395,"Free Kicks 
FK- 447 Dailywear Running Shoes For Men  (Grey, Green , 8)",301,shoes
https://www.flipkart.com/birde-new-design-lightweight-stylish-trendy-walking-shoes-men/p/itm92ef78e8ce81c?pid=SHOGD8PDZQNJZMDQ&lid=LSTSHOGD8PDZQNJZMDQUT09AC&marketplace=FLIPKART&q=sports+shoes+for+men&store=osp%2Fcil%2F1cu&srno=s_1_4&otracker=search&otracker1=search&fm=Search&iid=bc5c0dd4-8d3a-4686-b6bf-d4aae855a0ae.SHOGD8PDZQNJZMDQ.SEARCH&ppt=sp&ppn=sp&ssid=6radzo8sg00000001766863330755&qH=f972ce6c5fecb395,"Birde 
New Design Lightweight Stylish and Trendy Walking Shoes For Men  (Grey, Green , 7)",329,shoes
https://www.flipkart.com/inn-black-premium-sports-gym-trending-stylish-running-shoes-men-sneakers/p/itmacf21002619eb?pid=SHOHGU7FTJKSCBBH&lid=LSTSHOHGU7FTJKSCBBHDTQQCS&marketplace=FLIPKART&q=sports+shoes+for+men&store=osp%2Fcil%2F1cu&srno=s_1_5&otracker=search&otracker1=search&fm=Search&iid=bc5c0dd4-8d3a-4686-b6bf-d4aae855a0ae.SHOHGU7FTJKSCBBH.SEARCH&ppt=sp&ppn=sp&ssid=6radzo8sg00000001766863330755&qH=f972ce6c5fecb395,"INN BLACK 
Premium Sports ,Gym, Trending, Stylish Running Shoes For Men Sneakers For Men  (White , 9)",526,shoes
https://www.flipkart.com/off-limits-ocm-822-04-hiking-trekking-shoes-men/p/itm12f78bb22c329?pid=SHOHGSFHRUTUPSAP&lid=LSTSHOHGSFHRUTUPSAPOEPGV7&marketplace=FLIPKART&q=sports+shoes+for+men&store=osp%2Fcil%2F1cu&srno=s_1_6&otracker=search&otracker1=search&fm=Search&iid=bc5c0dd4-8d3a-4686-b6bf-d4aae855a0ae.SHOHGSFHRUTUPSAP.SEARCH&ppt=sp&ppn=sp&ssid=6radzo8sg00000001766863330755&qH=f972ce6c5fecb395,"OFF LIMITS 
OCM-822 04 Hiking & Trekking Shoes For Men  (Off White , 11)",2299,shoes
https://www.flipkart.com/jqr-3d-max-running-shoes-men/p/itm3808c0273198c?pid=SHOHAY2QD9DZR2CK&lid=LSTSHOHAY2QD9DZR2CKGQHD1Q&marketplace=FLIPKART&q=sports+shoes+for+men&store=osp%2Fcil%2F1cu&srno=s_1_7&otracker=search&otracker1=search&fm=Search&iid=en_-3NtHrfq3O1vT-6JqmUo4NGfttAUbBDG5N0LJ1SxVU9MKqvZD1SauZ60RATJiiE2xRldaWLvUSJXuBLOWh_JZMDbPjpExlWhmpgUQnOg2ao%3D&ppt=sp&ppn=sp&ssid=6radzo8sg00000001766863330755&qH=f972ce6c5fecb395,"JQR 
3D-MAX Running Shoes For Men  (White , 8)",927,shoes
https://www.flipkart.com/bruton-lite-sports-shoes-running-men/p/itm6a11d96a24e7f?pid=SHOGZHWZRGW2JFSB&lid=LSTSHOGZHWZRGW2JFSBHHOLJQ&marketplace=FLIPKART&q=sports+shoes+for+men&store=osp%2Fcil%2F1cu&srno=s_1_8&otracker=search&otracker1=search&fm=Search&iid=en_-3NtHrfq3O1vT-6JqmUo4NGfttAUbBDG5N0LJ1SxVU_2ouuZNIQXc8fx1DRe8C2n9wu9KaBrHQHcNi6oV0O9xw%3D%3D&ppt=sp&ppn=sp&ssid=6radzo8sg00000001766863330755&qH=f972ce6c5fecb395,"BRUTON 
Lite Sports Shoes Running Shoes For Men  (Black , 10)",470,shoes
https://www.flipkart.com/off-limits-ocm-801-01-hiking-trekking-shoes-men/p/itm260472ec6f9be?pid=SHOHGSFD3GMNCGSM&lid=LSTSHOHGSFD3GMNCGSMFUVXR3&marketplace=FLIPKART&q=sports+shoes+for+men&store=osp%2Fcil%2F1cu&srno=s_1_9&otracker=search&otracker1=search&fm=Search&iid=bc5c0dd4-8d3a-4686-b6bf-d4aae855a0ae.SHOHGSFD3GMNCGSM.SEARCH&ppt=sp&ppn=sp&ssid=6radzo8sg00000001766863330755&qH=f972ce6c5fecb395,"OFF LIMITS 
OCM-801 01 Hiking & Trekking Shoes For Men  (Black, Blue , 7)",2485,shoes
https://www.flipkart.com/campus-north-plus-walking-shoes-men/p/itm946bc6a45d5c6?pid=SHOHGXQGKSMYKVCM&lid=LSTSHOHGXQGKSMYKVCMRZAKWY&marketplace=FLIPKART&q=sports+shoes+for+men&store=osp%2Fcil%2F1cu&srno=s_1_10&otracker=search&otracker1=search&fm=Search&iid=bc5c0dd4-8d3a-4686-b6bf-d4aae855a0ae.SHOHGXQGKSMYKVCM.SEARCH&ppt=sp&ppn=sp&ssid=6radzo8sg00000001766863330755&qH=f972ce6c5fecb395,"CAMPUS 
NORTH PLUS Walking Shoes For Men  (Blue , 6)",1186,shoes
https://www.flipkart.com/aeonik-white-high-premium-quality-running-shoes-men/p/itm211ab9e3debb0?pid=SHOH2TRHX9TRZZET&lid=LSTSHOH2TRHX9TRZZETUE3CAE&marketplace=FLIPKART&q=sports+shoes+for+men&store=osp%2Fcil%2F1cu&srno=s_1_11&otracker=search&otracker1=search&fm=Search&iid=en_-3NtHrfq3O1vT-6JqmUo4NGfttAUbBDG5N0LJ1SxVU9YKEuiuTugatmbyNEFtqoapXRIVRY6BfVjSx1E05w9cQ%3D%3D&ppt=sp&ppn=sp&ssid=6radzo8sg00000001766863330755&qH=f972ce6c5fecb395,"Aeonik 
WHITE HIGH PREMIUM QUALITY Running Shoes For Men  (White , 8)",461,shoes
https://www.flipkart.com/free-kicks-fk-394-premium-running-shoes-men/p/itm6df7358e458ef?pid=SHOGDGYKDZEPNURT&lid=LSTSHOGDGYKDZEPNURTLJJDF1&marketplace=FLIPKART&q=sports+shoes+for+men&store=osp%2Fcil%2F1cu&srno=s_1_12&otracker=search&otracker1=search&fm=Search&iid=en_-3NtHrfq3O1vT-6JqmUo4NGfttAUbBDG5N0LJ1SxVU9QU6OcAgqupxq2XQcs9HKyIThnn7vOwDvXmEOt0JpDkQ%3D%3D&ppt=sp&ppn=sp&ssid=6radzo8sg00000001766863330755&qH=f972ce6c5fecb395,"Free Kicks 
FK-394 Premium Running Shoes For Men  (Blue, Orange , 10)",319,shoes
https://www.flipkart.com/vechlo-formal-shoes-men-black-lace-men/p/itm018e43b35b21a?pid=SHOH4ZKMJGPWHHYW&lid=LSTSHOH4ZKMJGPWHHYWN9QUMB&marketplace=FLIPKART&q=sports+shoes+for+men&store=osp%2Fcil%2F1cu&srno=s_1_13&otracker=search&otracker1=search&fm=Search&iid=bc5c0dd4-8d3a-4686-b6bf-d4aae855a0ae.SHOH4ZKMJGPWHHYW.SEARCH&ppt=sp&ppn=sp&ssid=6radzo8sg00000001766863330755&qH=f972ce6c5fecb395,"VECHLO 
formal shoes for men|black formal shoes with lace For Men  (Grey, Orange , 10)",354,shoes
https://www.flipkart.com/world-wear-footwear-exclusive-affordable-collection-trendy-stylish-sports-shoes-running-men/p/itmbe7e0c5139378?pid=SHOH35F7VZT8NHQG&lid=LSTSHOH35F7VZT8NHQGQR0RKF&marketplace=FLIPKART&q=sports+shoes+for+men&store=osp%2Fcil%2F1cu&srno=s_1_14&otracker=search&otracker1=search&fm=Search&iid=en_-3NtHrfq3O1vT-6JqmUo4NGfttAUbBDG5N0LJ1SxVU_BMfXfckwV43xm1_vEx1DOJphfuxzb7vHlgPhHGPip3A%3D%3D&ppt=sp&ppn=sp&ssid=6radzo8sg00000001766863330755&qH=f972ce6c5fecb395,"World Wear Footwear 
Exclusive Affordable Collection of Trendy & Stylish Sports Shoes Running Shoes For Men  (Brown , 8)",491,shoes
https://www.flipkart.com/birde-new-design-lightweight-stylish-trendy-walking-shoes-men/p/itm0e5e0bd9d5e1d?pid=SHOFZEWU2ZYGGXZR&lid=LSTSHOFZEWU2ZYGGXZR3ZJYNP&marketplace=FLIPKART&q=sports+shoes+for+men&store=osp%2Fcil%2F1cu&srno=s_1_15&otracker=search&otracker1=search&fm=Search&iid=bc5c0dd4-8d3a-4686-b6bf-d4aae855a0ae.SHOFZEWU2ZYGGXZR.SEARCH&ppt=sp&ppn=sp&ssid=6radzo8sg00000001766863330755&qH=f972ce6c5fecb395,"Birde 
New Design Lightweight Stylish and Trendy Walking Shoes For Men  (Grey , 8)",320,shoes
https://www.flipkart.com/campus-hurricane-running-shoes-men/p/itm4d0125d9c2c65?pid=SHOG6BNGRZRZP3G6&lid=LSTSHOG6BNGRZRZP3G6H7BCD9&marketplace=FLIPKART&q=sports+shoes+for+men&store=osp%2Fcil%2F1cu&spotlightTagId=default_BestsellerId_osp%2Fcil%2F1cu&srno=s_1_16&otracker=search&otracker1=search&fm=Search&iid=bc5c0dd4-8d3a-4686-b6bf-d4aae855a0ae.SHOG6BNGRZRZP3G6.SEARCH&ppt=sp&ppn=sp&ssid=6radzo8sg00000001766863330755&qH=f972ce6c5fecb395,"CAMPUS 
HURRICANE Running Shoes For Men  (Blue , 7)",948,shoes
https://www.flipkart.com/hotstyle-smoke-grey-7-sneakers-men/p/itmdc25aa4057765?pid=SHOHFY7UJH32F3ZK&lid=LSTSHOHFY7UJH32F3ZKVUTYZE&marketplace=FLIPKART&q=sports+shoes+for+men&store=osp%2Fcil%2F1cu&srno=s_1_17&otracker=search&otracker1=search&fm=Search&iid=en_-3NtHrfq3O1vT-6JqmUo4NGfttAUbBDG5N0LJ1SxVU-SqeDjEh-jLtjqALC3KFOWoEgvP9pqN0VcBF4ACHo8ow%3D%3D&ppt=sp&ppn=sp&ssid=6radzo8sg00000001766863330755&qH=f972ce6c5fecb395,"HOTSTYLE 
SMOKE-GREY-7 Sneakers For Men  (White, Grey , 7)",445,shoes
https://www.flipkart.com/hotstyle-running-shoes-men/p/itmccb11d3ba330c?pid=SHOHBFS4JYQUUZKR&lid=LSTSHOHBFS4JYQUUZKRWY4YTR&marketplace=FLIPKART&q=sports+shoes+for+men&store=osp%2Fcil%2F1cu&srno=s_1_18&otracker=search&otracker1=search&fm=Search&iid=en_-3NtHrfq3O1vT-6JqmUo4NGfttAUbBDG5N0LJ1SxVU_KrYq_1zzRH97XKXapNrw1XQ9QsHDT5Z25QTCNuhn1ug%3D%3D&ppt=sp&ppn=sp&ssid=6radzo8sg00000001766863330755&qH=f972ce6c5fecb395,"HOTSTYLE 
Running Shoes For Men  (Multicolor , 8)",445,shoes
https://www.flipkart.com/asian-running-shoes-men/p/itmbf321943ff8e9?pid=SHOHGYVY7DHHQAET&lid=LSTSHOHGYVY7DHHQAETZMH0TP&marketplace=FLIPKART&q=sports+shoes+for+men&store=osp%2Fcil%2F1cu&srno=s_1_19&otracker=search&otracker1=search&fm=Search&iid=bc5c0dd4-8d3a-4686-b6bf-d4aae855a0ae.SHOHGYVY7DHHQAET.SEARCH&ppt=sp&ppn=sp&ssid=6radzo8sg00000001766863330755&qH=f972ce6c5fecb395,"asian 
Running Shoes For Men  (Black , 6)",819,shoes
https://www.flipkart.com/birde-premium-lightweight-comfortable-regular-wear-walking-shoes-men/p/itme7a4b0d9138ce?pid=SHOGZH39U3PBGEFU&lid=LSTSHOGZH39U3PBGEFUKTCKCW&marketplace=FLIPKART&q=sports+shoes+for+men&store=osp%2Fcil%2F1cu&srno=s_1_20&otracker=search&otracker1=search&fm=Search&iid=bc5c0dd4-8d3a-4686-b6bf-d4aae855a0ae.SHOGZH39U3PBGEFU.SEARCH&ppt=sp&ppn=sp&ssid=6radzo8sg00000001766863330755&qH=f972ce6c5fecb395,"Birde 
Premium Lightweight Comfortable Regular Wear Walking Shoes For Men  (Black , 8)",461,shoes
https://www.flipkart.com/free-kicks-kicks-444-latest-running-shoes-men/p/itm491f1e0a9973a?pid=SHOH92F2KHV6BYRW&lid=LSTSHOH92F2KHV6BYRWL2RBY8&marketplace=FLIPKART&q=sports+shoes+for+men&store=osp%2Fcil%2F1cu&srno=s_1_21&otracker=search&otracker1=search&fm=Search&iid=en_-3NtHrfq3O1vT-6JqmUo4NGfttAUbBDG5N0LJ1SxVU9yD7bzT8VxZQL--TjinhMfD-YatbMyP0YrvWq7q-DyzQ%3D%3D&ppt=sp&ppn=sp&ssid=6radzo8sg00000001766863330755&qH=f972ce6c5fecb395,"Free Kicks 
FREE KICKS-444 Latest Running Shoes For Men  (Grey, Orange , 10)",319,shoes
https://www.flipkart.com/foot-trends-safety-shoes-steel-toes-industrial-construction-warehouse-use-men/p/itme7116d0ceeb1d?pid=SHOHDNPGHFCHUMJS&lid=LSTSHOHDNPGHFCHUMJS8YHZO2&marketplace=FLIPKART&q=sports+shoes+for+men&store=osp%2Fcil%2F1cu&srno=s_1_22&otracker=search&otracker1=search&fm=Search&iid=en_-3NtHrfq3O1vT-6JqmUo4NGfttAUbBDG5N0LJ1SxVU8jtT8so_D5TO5zvQ5y7fgLEsZWMg4Z8cLVfEqjz5DCOg%3D%3D&ppt=sp&ppn=sp&ssid=6radzo8sg00000001766863330755&qH=f972ce6c5fecb395,"foot trends 
Safety shoes with steel toes for industrial, construction and warehouse use For Men  (Black , 10)",495,shoes
https://www.flipkart.com/birde-new-design-lightweight-stylish-trendy-walking-shoes-men/p/itmccaf91c36bff7?pid=SHOGD8PD4VFHDZHY&lid=LSTSHOGD8PD4VFHDZHYPTY62H&marketplace=FLIPKART&q=sports+shoes+for+men&store=osp%2Fcil%2F1cu&srno=s_1_23&otracker=search&otracker1=search&fm=Search&iid=bc5c0dd4-8d3a-4686-b6bf-d4aae855a0ae.SHOGD8PD4VFHDZHY.SEARCH&ppt=sp&ppn=sp&ssid=6radzo8sg00000001766863330755&qH=f972ce6c5fecb395,"Birde 
New Design Lightweight Stylish and Trendy Walking Shoes For Men  (Grey, Green , 8)",314,shoes
https://www.flipkart.com/exson-men-s-canvas-sports-shoes-running-party-wear-lace-up-velcro-high-tops-men/p/itmb1e522dd41a16?pid=SHOHHC37YXJYJH5M&lid=LSTSHOHHC37YXJYJH5MKWYNFD&marketplace=FLIPKART&q=sports+shoes+for+men&store=osp%2Fcil%2F1cu&srno=s_1_24&otracker=search&otracker1=search&fm=Search&iid=bc5c0dd4-8d3a-4686-b6bf-d4aae855a0ae.SHOHHC37YXJYJH5M.SEARCH&ppt=sp&ppn=sp&ssid=6radzo8sg00000001766863330755&qH=f972ce6c5fecb395,"eXson 
Men's Canvas Sports Shoes Running & Party Wear Shoes Lace Up & Velcro Shoes High Tops For Men  (Beige , 6)",394,shoes
https://www.flipkart.com/jqr-excel-sports-shoes-walking-trendy-lightweight-trekking-stylish-walking-shoes-men/p/itm74199d6fd2764?pid=SHOGHZGWZARCJYET&lid=LSTSHOGHZGWZARCJYETAVWMXW&marketplace=FLIPKART&q=sports+shoes+for+men&store=osp%2Fcil%2F1cu&srno=s_1_25&otracker=search&otracker1=search&fm=Search&iid=bc5c0dd4-8d3a-4686-b6bf-d4aae855a0ae.SHOGHZGWZARCJYET.SEARCH&ppt=sp&ppn=sp&ssid=6radzo8sg00000001766863330755&qH=f972ce6c5fecb395,"JQR 
EXCEL Sports shoes, Walking, Trendy, Lightweight, Trekking, Stylish Walking Shoes For Men  (Grey , 7)",570,shoes
https://www.flipkart.com/birde-premium-lightweight-comfortable-regular-wear-walking-shoes-men/p/itm41fcd223b19d6?pid=SHOGZH38NZRCFSKY&lid=LSTSHOGZH38NZRCFSKYOOMF2Q&marketplace=FLIPKART&q=sports+shoes+for+men&store=osp%2Fcil%2F1cu&srno=s_1_26&otracker=search&otracker1=search&fm=Search&iid=bc5c0dd4-8d3a-4686-b6bf-d4aae855a0ae.SHOGZH38NZRCFSKY.SEARCH&ppt=sp&ppn=sp&ssid=6radzo8sg00000001766863330755&qH=f972ce6c5fecb395,"Birde 
Premium Lightweight Comfortable Regular Wear Walking Shoes For Men  (Brown , 8)",461,shoes
https://www.flipkart.com/bruton-hockey-931-sports-running-shoes-men/p/itmf38ca3d6109fb?pid=SHOH9SXYZKZJ7YSK&lid=LSTSHOH9SXYZKZJ7YSKOXPA1I&marketplace=FLIPKART&q=sports+shoes+for+men&store=osp%2Fcil%2F1cu&srno=s_1_27&otracker=search&otracker1=search&fm=Search&iid=en_-3NtHrfq3O1vT-6JqmUo4NGfttAUbBDG5N0LJ1SxVU-J-3RnZmGtAISh4hOmwZpo3DZVi2ZJRlhCf1X2IzHkmQ%3D%3D&ppt=sp&ppn=sp&ssid=6radzo8sg00000001766863330755&qH=f972ce6c5fecb395,"BRUTON 
HOCKEY-931 | Sports Running Shoes For Men  (Blue , 6)",482,shoes
https://www.flipkart.com/action-athleo-atg-496-comfortable-lightweight-breathable-sports-lace-up-running-shoes-men/p/itm90d871abea385?pid=SHOGE95CM58GQ7XK&lid=LSTSHOGE95CM58GQ7XK54HBNS&marketplace=FLIPKART&q=sports+shoes+for+men&store=osp%2Fcil%2F1cu&srno=s_1_28&otracker=search&otracker1=search&fm=Search&iid=en_-3NtHrfq3O1vT-6JqmUo4NGfttAUbBDG5N0LJ1SxVU_N5gdB578KmCfq-H6IrDUlEPpPpWkEadf9yQMae2JpddzVZusnqMRsJ2VfVNgXwcI%3D&ppt=sp&ppn=sp&ssid=6radzo8sg00000001766863330755&qH=f972ce6c5fecb395,"action 
Athleo ATG 496 Comfortable Lightweight Breathable Sports Lace Up Running Shoes For Men  (White , 8)",829,shoes
https://www.flipkart.com/turnx-hockey-lightweight-gym-training-running-comfortable-sports-shoes-men/p/itm1d07ad320796c?pid=SHOH2HAWKHZS677Z&lid=LSTSHOH2HAWKHZS677ZQRCDCB&marketplace=FLIPKART&q=sports+shoes+for+men&store=osp%2Fcil%2F1cu&srno=s_1_29&otracker=search&otracker1=search&fm=Search&iid=bc5c0dd4-8d3a-4686-b6bf-d4aae855a0ae.SHOH2HAWKHZS677Z.SEARCH&ppt=sp&ppn=sp&ssid=6radzo8sg00000001766863330755&qH=f972ce6c5fecb395,"TURNX 
Hockey lightweight Gym Training Running comfortable sports Running Shoes For Men  (White, Blue , 9)",780,shoes
https://www.flipkart.com/nobelite-premium-sports-gym-trending-stylish-running-shoes-men/p/itm6dafeff2a254c?pid=SHOH8PFQADZWRXXG&lid=LSTSHOH8PFQADZWRXXGUOYDAP&marketplace=FLIPKART&q=sports+shoes+for+men&store=osp%2Fcil%2F1cu&srno=s_1_30&otracker=search&otracker1=search&fm=Search&iid=bc5c0dd4-8d3a-4686-b6bf-d4aae855a0ae.SHOH8PFQADZWRXXG.SEARCH&ppt=sp&ppn=sp&ssid=6radzo8sg00000001766863330755&qH=f972ce6c5fecb395,"NOBELITE 
Premium Sports ,Gym, Trending, Stylish Running Shoes For Men  (White, Blue , 8)",451,shoes
https://www.flipkart.com/action-athleo-bullet-405-stylish-lightweight-comfortable-sports-lace-up-running-shoes-men/p/itm7ea958b3a61e8?pid=SHOH4WB79GSZAHFN&lid=LSTSHOH4WB79GSZAHFNBGHLBV&marketplace=FLIPKART&q=sports+shoes+for+men&store=osp%2Fcil%2F1cu&srno=s_1_31&otracker=search&otracker1=search&fm=Search&iid=en_-3NtHrfq3O1vT-6JqmUo4NGfttAUbBDG5N0LJ1SxVU-EB8PlLSPesHN35yQHB87ttu7mUuDs6wf00evP_DqmKfC9wi2h83IXS3CZUjDq0kk%3D&ppt=sp&ppn=sp&ssid=6radzo8sg00000001766863330755&qH=f972ce6c5fecb395,"action 
Athleo BULLET 405 Stylish Lightweight Comfortable Sports Lace Up Running Shoes For Men  (White, Blue , 8)",1098,shoes
https://www.flipkart.com/clymb-es-21-hockey-walking-outdoor-gym-traning-running-shoes-men/p/itmc8c6664334d1c?pid=SHOGRKEFPZCYWM2P&lid=LSTSHOGRKEFPZCYWM2PK6DIQA&marketplace=FLIPKART&q=sports+shoes+for+men&store=osp%2Fcil%2F1cu&srno=s_1_32&otracker=search&otracker1=search&fm=Search&iid=en_-3NtHrfq3O1vT-6JqmUo4NGfttAUbBDG5N0LJ1SxVU8vwuvX2129szWANbZ3pyPztFDdNLK7jA3oZxYF0MygrQ%3D%3D&ppt=sp&ppn=sp&ssid=6radzo8sg00000001766863330755&qH=f972ce6c5fecb395,"CLYMB 
ES-21 Hockey Walking/Outdoor/Gym & Traning Running Shoes For Men  (Grey , 10)",460,shoes
https://www.flipkart.com/birde-new-design-lightweight-stylish-trendy-walking-shoes-men/p/itme7f76e889a6de?pid=SHOFZEWUBGEHKREM&lid=LSTSHOFZEWUBGEHKREMYOOZ2T&marketplace=FLIPKART&q=sports+shoes+for+men&store=osp%2Fcil%2F1cu&srno=s_1_33&otracker=search&otracker1=search&fm=Search&iid=bc5c0dd4-8d3a-4686-b6bf-d4aae855a0ae.SHOFZEWUBGEHKREM.SEARCH&ppt=sp&ppn=sp&ssid=6radzo8sg00000001766863330755&qH=f972ce6c5fecb395,"Birde 
New Design Lightweight Stylish and Trendy Walking Shoes For Men  (Grey , 6)",320,shoes
https://www.flipkart.com/face-lightweight-sports-shoe-men-running-shoes/p/itmfbd0316783ad7?pid=SHOHGSDQN7FGBWMH&lid=LSTSHOHGSDQN7FGBWMHF7KOYD&marketplace=FLIPKART&q=sports+shoes+for+men&store=osp%2Fcil%2F1cu&srno=s_1_34&otracker=search&otracker1=search&fm=Search&iid=bc5c0dd4-8d3a-4686-b6bf-d4aae855a0ae.SHOHGSDQN7FGBWMH.SEARCH&ppt=sp&ppn=sp&ssid=6radzo8sg00000001766863330755&qH=f972ce6c5fecb395,"Face 
LightWeight Sports Shoe For Men Running Shoes For Men  (Black, White , 9)",540,shoes
https://www.flipkart.com/asian-wndr-13-sports-shoes-men-latest-stylish-casual-sport-running-boys-lace-up-lightweight-grey-running-walking-gym-trekking-hiking-party-running/p/itmff96xgyjjf3fx?pid=SHOF3KF5XZZHCMBD&lid=LSTSHOF3KF5XZZHCMBDS561HI&marketplace=FLIPKART&q=sports+shoes+for+men&store=osp%2Fcil%2F1cu&srno=s_1_35&otracker=search&otracker1=search&fm=Search&iid=bc5c0dd4-8d3a-4686-b6bf-d4aae855a0ae.SHOF3KF5XZZHCMBD.SEARCH&ppt=sp&ppn=sp&ssid=6radzo8sg00000001766863330755&qH=f972ce6c5fecb395,"asian 
wndr-13 sports shoes for men | Latest Stylish Casual sport shoes for men |running shoes for boys | Lace up Lightweight grey shoes for running, walking, gym, trekking, hiking & party Running Shoes For Men  (Multicolor , 8 UK/India)",662,shoes
https://www.flipkart.com/sprenge-sp-saber-d-grey-t-blue-walking-shoes-men/p/itm31dad12e051af?pid=SHOGUA3YHZ3XFGGB&lid=LSTSHOGUA3YHZ3XFGGB2D0D2F&marketplace=FLIPKART&q=sports+shoes+for+men&store=osp%2Fcil%2F1cu&srno=s_1_36&otracker=search&otracker1=search&fm=Search&iid=bc5c0dd4-8d3a-4686-b6bf-d4aae855a0ae.SHOGUA3YHZ3XFGGB.SEARCH&ppt=sp&ppn=sp&ssid=6radzo8sg00000001766863330755&qH=f972ce6c5fecb395,"SPRENGE 
SP-SABER-D.GREY T.BLUE Walking Shoes For Men  (Grey, Blue , 9)",478,shoes
https://www.flipkart.com/jqr-soft-003-sports-shoes-walking-trendy-lightweight-trekking-stylish-running-shoes-men/p/itmf199a0938da4e?pid=SHOGKDGETWEAGF72&lid=LSTSHOGKDGETWEAGF72LTJ1FD&marketplace=FLIPKART&q=sports+shoes+for+men&store=osp%2Fcil%2F1cu&srno=s_1_37&otracker=search&otracker1=search&fm=Search&iid=en_-3NtHrfq3O1vT-6JqmUo4NGfttAUbBDG5N0LJ1SxVU-5TtFgYWbKGuc-KiX4VEJRzJwhBPkriYn1yhvSd-4yHI77bavvLIol6LdwUGIy7s0%3D&ppt=sp&ppn=sp&ssid=6radzo8sg00000001766863330755&qH=f972ce6c5fecb395,"JQR 
SOFT-003 Sports shoes, Walking, Trendy, Lightweight, Trekking, Stylish Running Shoes For Men  (Multicolor , 8)",599,shoes
https://www.flipkart.com/bruton-lite-sport-shoes-runing-running-men/p/itm53b2adb134c0e?pid=SHOGYEWSADQXQ3Y5&lid=LSTSHOGYEWSADQXQ3Y56OYUBY&marketplace=FLIPKART&q=sports+shoes+for+men&store=osp%2Fcil%2F1cu&srno=s_1_38&otracker=search&otracker1=search&fm=Search&iid=en_-3NtHrfq3O1vT-6JqmUo4NGfttAUbBDG5N0LJ1SxVU8-b5627SvtmYa128IAbOj50F8n6uV0YDosiE9y147ycg%3D%3D&ppt=sp&ppn=sp&ssid=6radzo8sg00000001766863330755&qH=f972ce6c5fecb395,"BRUTON 
Lite Sport Shoes , Runing Shoes Running Shoes For Men  (White , 6)",444,shoes
https://www.flipkart.com/campus-hurricane-running-shoes-men/p/itmde24f617a5ae4?pid=SHOG6DZSFFKZGMH2&lid=LSTSHOG6DZSFFKZGMH2GAZGNH&marketplace=FLIPKART&q=sports+shoes+for+men&store=osp%2Fcil%2F1cu&srno=s_1_39&otracker=search&otracker1=search&fm=Search&iid=bc5c0dd4-8d3a-4686-b6bf-d4aae855a0ae.SHOG6DZSFFKZGMH2.SEARCH&ppt=sp&ppn=sp&ssid=6radzo8sg00000001766863330755&qH=f972ce6c5fecb395,"CAMPUS 
HURRICANE Running Shoes For Men  (Black , 7)",940,shoes
https://www.flipkart.com/house-common-premium-quality-sports-shoe-comfortable-lightweight-durable-running-shoes-men/p/itm729970ce066dc?pid=SHOHGXRUVABC8NG5&lid=LSTSHOHGXRUVABC8NG57ABDTQ&marketplace=FLIPKART&q=sports+shoes+for+men&store=osp%2Fcil%2F1cu&srno=s_1_40&otracker=search&otracker1=search&fm=Search&iid=bc5c0dd4-8d3a-4686-b6bf-d4aae855a0ae.SHOHGXRUVABC8NG5.SEARCH&ppt=sp&ppn=sp&ssid=6radzo8sg00000001766863330755&qH=f972ce6c5fecb395,"house of common 
Premium Quality Sports Shoe, Comfortable, Lightweight, Durable Running Shoes For Men  (Grey, Blue , 10)",565,shoes
https://www.flipkart.com/world-wear-footwear-exclusive-affordable-collection-trendy-stylish-sports-shoes-running-men/p/itmbe7e0c5139378?pid=SHOH35F7VZT8NHQG&marketplace=FLIPKART,"World Wear Footwear 
Exclusive Affordable Collection of Trendy & Stylish Sports Shoes Running Shoes For Men  (Brown , 8)",491,shoes
https://www.flipkart.com/bruton-lite-sport-shoes-runing-running-men/p/itm53b2adb134c0e?pid=SHOGYEWSADQXQ3Y5&marketplace=FLIPKART,"BRUTON 
Lite Sport Shoes , Runing Shoes Running Shoes For Men  (White , 6)",444,shoes
https://www.flipkart.com/bruton-hockey-931-sports-running-shoes-men/p/itmf38ca3d6109fb?pid=SHOH9SXYZKZJ7YSK&marketplace=FLIPKART,"BRUTON 
HOCKEY-931 | Sports Running Shoes For Men  (Blue , 6)",482,shoes
https://www.flipkart.com/asian-wndr-13-sports-shoes-men-latest-stylish-casual-sport-running-boys-lace-up-lightweight-grey-running-walking-gym-trekking-hiking-party-running/p/itmff96xgyjjf3fx?pid=SHOF3KF5XZZHCMBD&marketplace=FLIPKART,"asian 
wndr-13 sports shoes for men | Latest Stylish Casual sport shoes for men |running shoes for boys | Lace up Lightweight grey shoes for running, walking, gym, trekking, hiking & party Running Shoes For Men  (Multicolor , 8 UK/India)",662,shoes
https://www.flipkart.com/jqr-soft-003-sports-shoes-walking-trendy-lightweight-trekking-stylish-running-shoes-men/p/itmf199a0938da4e?pid=SHOGKDGETWEAGF72&marketplace=FLIPKART,"JQR 
SOFT-003 Sports shoes, Walking, Trendy, Lightweight, Trekking, Stylish Running Shoes For Men  (Multicolor , 8)",599,shoes
https://www.flipkart.com/bruton-ring-854-light-weight-walking-gym-sports-running-shoes-men/p/itm4647369d1241b?pid=SHOHBFDU9DTEKHYH&lid=LSTSHOHBFDU9DTEKHYHBYHPJD&marketplace=FLIPKART&q=sports+shoes+for+men&store=osp%2Fcil%2F1cu&srno=s_2_41&otracker=search&otracker1=search&fm=Search&iid=en_HYiajizRnER2iGErFSIBod070UvgJCpHKsY-x0MzAOX9jc7RCpVfO5dj3CL6K_1WlWPR3r3tvmRbg_yeJjNCRw%3D%3D&ppt=sp&ppn=sp&ssid=6jirvqxby80000001766863332464&qH=f972ce6c5fecb395,"BRUTON 
Ring-854 |light Weight |Walking & Gym Sports | Running Shoes For Men  (Beige , 10)",466,shoes
https://www.flipkart.com/bruton-eva-lite-sport-shoes-running-men/p/itmc708b7b639208?pid=SHOHBYCAGRYMQ5MM&lid=LSTSHOHBYCAGRYMQ5MMJTUCTY&marketplace=FLIPKART&q=sports+shoes+for+men&store=osp%2Fcil%2F1cu&srno=s_2_42&otracker=search&otracker1=search&fm=Search&iid=en_HYiajizRnER2iGErFSIBod070UvgJCpHKsY-x0MzAOVqA2DfdF_o8lEdks3vJd1WwrsqsZA3uuNFfePENHWT3Q%3D%3D&ppt=sp&ppn=sp&ssid=6jirvqxby80000001766863332464&qH=f972ce6c5fecb395,"BRUTON 
EVA Lite Sport Shoes Running Shoes For Men  (White , 10)",451,shoes
https://www.flipkart.com/bruton-trendy-running-shoes-men/p/itm803a98f43b90d?pid=SHOHBA93KGPCHHZF&lid=LSTSHOHBA93KGPCHHZF6AXUMV&marketplace=FLIPKART&q=sports+shoes+for+men&store=osp%2Fcil%2F1cu&srno=s_2_43&otracker=search&otracker1=search&fm=Search&iid=77c7eab5-57e1-400f-b975-73d4f10a53b9.SHOHBA93KGPCHHZF.SEARCH&ppt=sp&ppn=sp&ssid=6jirvqxby80000001766863332464&qH=f972ce6c5fecb395,"BRUTON 
Trendy Running Shoes For Men  (Blue , 9)",320,shoes
https://www.flipkart.com/drackfoot-men-s-lightweight-running-shoes-comfortable-stylish-gym-walking-men/p/itm88574069abe30?pid=SHOHGAJU6KQWWQF9&lid=LSTSHOHGAJU6KQWWQF9HSHRFK&marketplace=FLIPKART&q=sports+shoes+for+men&store=osp%2Fcil%2F1cu&srno=s_2_44&otracker=search&otracker1=search&fm=Search&iid=77c7eab5-57e1-400f-b975-73d4f10a53b9.SHOHGAJU6KQWWQF9.SEARCH&ppt=sp&ppn=sp&ssid=6jirvqxby80000001766863332464&qH=f972ce6c5fecb395,"DRACKFOOT 
Men's Lightweight Running Shoes , Comfortable,Stylish for Gym & Walking Running Shoes For Men  (Grey, Blue , 6)",626,shoes
https://www.flipkart.com/birde-zeng-stylish-memory-foam-soft-comfortable-lightweight-regular-wear-shoes-walking-men/p/itme3c2583275468?pid=SHOGT7FBCFHUTQ8T&lid=LSTSHOGT7FBCFHUTQ8T9LOX1A&marketplace=FLIPKART&q=sports+shoes+for+men&store=osp%2Fcil%2F1cu&srno=s_2_45&otracker=search&otracker1=search&fm=Search&iid=77c7eab5-57e1-400f-b975-73d4f10a53b9.SHOGT7FBCFHUTQ8T.SEARCH&ppt=sp&ppn=sp&ssid=6jirvqxby80000001766863332464&qH=f972ce6c5fecb395,"Birde 
ZenG Stylish Memory Foam Soft Comfortable LightWeight Regular Wear Shoes Walking Shoes For Men  (Blue , 10)",461,shoes
https://www.flipkart.com/bersache-premium-sports-gym-trending-stylish-running-shoes-men/p/itmfc7e8247de84b?pid=SHOGFGYSG8P84GVD&lid=LSTSHOGFGYSG8P84GVDMMFH0F&marketplace=FLIPKART&q=sports+shoes+for+men&store=osp%2Fcil%2F1cu&srno=s_2_46&otracker=search&otracker1=search&fm=Search&iid=77c7eab5-57e1-400f-b975-73d4f10a53b9.SHOGFGYSG8P84GVD.SEARCH&ppt=sp&ppn=sp&ssid=6jirvqxby80000001766863332464&qH=f972ce6c5fecb395,"BERSACHE 
Premium Sports ,Gym, Trending, Stylish Running Shoes For Men  (Black , 8)",998,shoes
https://www.flipkart.com/free-kicks-fk-447-dailywear-running-shoes-men/p/itm0240fdb438236?pid=SHOGWUPK4GPJABBT&lid=LSTSHOGWUPK4GPJABBT782HES&marketplace=FLIPKART&q=sports+shoes+for+men&store=osp%2Fcil%2F1cu&srno=s_2_47&otracker=search&otracker1=search&fm=Search&iid=en_HYiajizRnER2iGErFSIBod070UvgJCpHKsY-x0MzAOU11QiL4Eg49fNgaH0l_jPTUUuoLYW_us-EMre80VN-Jg%3D%3D&ppt=sp&ppn=sp&ssid=6jirvqxby80000001766863332464&qH=f972ce6c5fecb395,"Free Kicks 
FK- 447 Dailywear Running Shoes For Men  (Grey, Green , 8)",301,shoes
https://www.flipkart.com/jqr-3d-max-running-shoes-men/p/itm3808c0273198c?pid=SHOHAY2QD9DZR2CK&lid=LSTSHOHAY2QD9DZR2CKGQHD1Q&marketplace=FLIPKART&q=sports+shoes+for+men&store=osp%2Fcil%2F1cu&srno=s_2_48&otracker=search&otracker1=search&fm=Search&iid=en_HYiajizRnER2iGErFSIBod070UvgJCpHKsY-x0MzAOVYv5U7BAaJ-YLVmb7yJKaXdOM_0hB3Yr8INi3sTOETpPUFjCTyOHoHZs-Z5_PS_w0%3D&ppt=sp&ppn=sp&ssid=6jirvqxby80000001766863332464&qH=f972ce6c5fecb395,"JQR 
3D-MAX Running Shoes For Men  (White , 8)",927,shoes
https://www.flipkart.com/hrx-hrithik-roshan-001-16-running-shoes-men/p/itmc7f3a36a4d9c2?pid=SHOGYFMSBNMEFJGE&lid=LSTSHOGYFMSBNMEFJGEWXWVYB&marketplace=FLIPKART&q=sports+shoes+for+men&store=osp%2Fcil%2F1cu&srno=s_2_49&otracker=search&otracker1=search&fm=Search&iid=77c7eab5-57e1-400f-b975-73d4f10a53b9.SHOGYFMSBNMEFJGE.SEARCH&ppt=sp&ppn=sp&ssid=6jirvqxby80000001766863332464&qH=f972ce6c5fecb395,"HRX by Hrithik Roshan 
001 16 Running Shoes For Men  (Grey , 11)",969,shoes
https://www.flipkart.com/new-oranie-stylish-sports-shoes-men-running/p/itm600401627b798?pid=SHOHHNFYNSSSYEFW&lid=LSTSHOHHNFYNSSSYEFWO3ZK0F&marketplace=FLIPKART&q=sports+shoes+for+men&store=osp%2Fcil%2F1cu&srno=s_2_50&otracker=search&otracker1=search&fm=Search&iid=77c7eab5-57e1-400f-b975-73d4f10a53b9.SHOHHNFYNSSSYEFW.SEARCH&ppt=sp&ppn=sp&ssid=6jirvqxby80000001766863332464&qH=f972ce6c5fecb395,"New Oranie 
Stylish Sports Shoes for Men Running Shoes For Men  (Grey , 6)",646,shoes
https://www.flipkart.com/bruton-lite-sports-shoes-running-men/p/itm6a11d96a24e7f?pid=SHOGZHWZRGW2JFSB&lid=LSTSHOGZHWZRGW2JFSBHHOLJQ&marketplace=FLIPKART&q=sports+shoes+for+men&store=osp%2Fcil%2F1cu&srno=s_2_51&otracker=search&otracker1=search&fm=Search&iid=en_HYiajizRnER2iGErFSIBod070UvgJCpHKsY-x0MzAOVM7PZvoA6oL_SdSkimGvSNcpCQhN0_eSWlCNOH9YY8zQ%3D%3D&ppt=sp&ppn=sp&ssid=6jirvqxby80000001766863332464&qH=f972ce6c5fecb395,"BRUTON 
Lite Sports Shoes Running Shoes For Men  (Black , 10)",470,shoes
https://www.flipkart.com/aeonik-white-high-premium-quality-running-shoes-men/p/itm211ab9e3debb0?pid=SHOH2TRHX9TRZZET&lid=LSTSHOH2TRHX9TRZZETUE3CAE&marketplace=FLIPKART&q=sports+shoes+for+men&store=osp%2Fcil%2F1cu&srno=s_2_52&otracker=search&otracker1=search&fm=Search&iid=en_HYiajizRnER2iGErFSIBod070UvgJCpHKsY-x0MzAOU4P19QoQbwH0aMLuiszblOHOrDipomNXjt1MM4xeNKkw%3D%3D&ppt=sp&ppn=sp&ssid=6jirvqxby80000001766863332464&qH=f972ce6c5fecb395,"Aeonik 
WHITE HIGH PREMIUM QUALITY Running Shoes For Men  (White , 8)",461,shoes
https://www.flipkart.com/urbanbox-running-shoes-walking-sports-men/p/itme64898a7d0529?pid=SHOH9NEHSGZFGKPV&lid=LSTSHOH9NEHSGZFGKPVHQQGKP&marketplace=FLIPKART&q=sports+shoes+for+men&store=osp%2Fcil%2F1cu&srno=s_2_53&otracker=search&otracker1=search&fm=Search&iid=77c7eab5-57e1-400f-b975-73d4f10a53b9.SHOH9NEHSGZFGKPV.SEARCH&ppt=sp&ppn=sp&ssid=6jirvqxby80000001766863332464&qH=f972ce6c5fecb395,"URBANBOX 
Running Shoes Walking Sports Shoes Running Shoes For Men  (Black, White , 6)",436,shoes
https://www.flipkart.com/sprenge-bis-certified-15844-part-1-2023-walking-shoes-men/p/itmdc29633179d5e?pid=SHOGTDZCWDSRH8KX&lid=LSTSHOGTDZCWDSRH8KX0SRPH6&marketplace=FLIPKART&q=sports+shoes+for+men&store=osp%2Fcil%2F1cu&srno=s_2_54&otracker=search&otracker1=search&fm=Search&iid=77c7eab5-57e1-400f-b975-73d4f10a53b9.SHOGTDZCWDSRH8KX.SEARCH&ppt=sp&ppn=sp&ssid=6jirvqxby80000001766863332464&qH=f972ce6c5fecb395,"SPRENGE 
Bis Certified IS 15844 : PART 1:2023 Walking Shoes For Men  (White , 9)",500,shoes
https://www.flipkart.com/jqr-east-sports-shoes-walking-lightweight-trekking-stylish-running-shoes-men/p/itmcd9bd3048eed5?pid=SHOGHZGWYFZZYPCE&lid=LSTSHOGHZGWYFZZYPCEJ0SG5I&marketplace=FLIPKART&q=sports+shoes+for+men&store=osp%2Fcil%2F1cu&srno=s_2_55&otracker=search&otracker1=search&fm=Search&iid=77c7eab5-57e1-400f-b975-73d4f10a53b9.SHOGHZGWYFZZYPCE.SEARCH&ppt=sp&ppn=sp&ssid=6jirvqxby80000001766863332464&qH=f972ce6c5fecb395,"JQR 
EAST Sports shoes, Walking, Lightweight, Trekking, Stylish Running Shoes For Men  (Grey , 7)",669,shoes
https://www.flipkart.com/nike-promina-walking-shoes-men/p/itm48c82aa37b646?pid=SHOHGTBKS7RAHTBA&lid=LSTSHOHGTBKS7RAHTBACETFMO&marketplace=FLIPKART&q=sports+shoes+for+men&store=osp%2Fcil%2F1cu&srno=s_2_56&otracker=search&otracker1=search&fm=Search&iid=77c7eab5-57e1-400f-b975-73d4f10a53b9.SHOHGTBKS7RAHTBA.SEARCH&ppt=sp&ppn=sp&ssid=6jirvqxby80000001766863332464&qH=f972ce6c5fecb395,"NIKE 
Promina Walking Shoes For Men  (Grey , 11)",4995,shoes
https://www.flipkart.com/free-kicks-fk-394-premium-running-shoes-men/p/itm6df7358e458ef?pid=SHOGDGYKDZEPNURT&lid=LSTSHOGDGYKDZEPNURTLJJDF1&marketplace=FLIPKART&q=sports+shoes+for+men&store=osp%2Fcil%2F1cu&srno=s_2_57&otracker=search&otracker1=search&fm=Search&iid=en_HYiajizRnER2iGErFSIBod070UvgJCpHKsY-x0MzAOVpXhCtvugCBtTh_lBw2XisBvIt0OVq003u48A4umow2A%3D%3D&ppt=sp&ppn=sp&ssid=6jirvqxby80000001766863332464&qH=f972ce6c5fecb395,"Free Kicks 
FK-394 Premium Running Shoes For Men  (Blue, Orange , 10)",319,shoes
https://www.flipkart.com/world-wear-footwear-exclusive-affordable-collection-trendy-stylish-sports-shoes-running-men/p/itmbe7e0c5139378?pid=SHOH35F7VZT8NHQG&lid=LSTSHOH35F7VZT8NHQGQR0RKF&marketplace=FLIPKART&q=sports+shoes+for+men&store=osp%2Fcil%2F1cu&srno=s_2_58&otracker=search&otracker1=search&fm=Search&iid=en_HYiajizRnER2iGErFSIBod070UvgJCpHKsY-x0MzAOUh-AWfWkXw3wSvtxOjjqEHyO8rIG9cbyt-Cnx9pqWx-g%3D%3D&ppt=sp&ppn=sp&ssid=6jirvqxby80000001766863332464&qH=f972ce6c5fecb395,"World Wear Footwear 
Exclusive Affordable Collection of Trendy & Stylish Sports Shoes Running Shoes For Men  (Brown , 8)",491,shoes
https://www.flipkart.com/campus-mike-n-running-shoes-men/p/itm27c989f1e20c6?pid=SHOG4G3XXA5GHCY7&lid=LSTSHOG4G3XXA5GHCY7EZOUGS&marketplace=FLIPKART&q=sports+shoes+for+men&store=osp%2Fcil%2F1cu&srno=s_2_59&otracker=search&otracker1=search&fm=Search&iid=77c7eab5-57e1-400f-b975-73d4f10a53b9.SHOG4G3XXA5GHCY7.SEARCH&ppt=sp&ppn=sp&ssid=6jirvqxby80000001766863332464&qH=f972ce6c5fecb395,"CAMPUS 
MIKE (N) Running Shoes For Men  (Blue , 6)",1044,shoes
https://www.flipkart.com/asian-wndr-13-sports-shoes-men-latest-stylish-casual-sport-running-boys-lace-up-lightweight-silver-running-walking-gym-trekking-hiking-party/p/itmfe37fvammuusy?pid=SHOF8ABMTAAFQFXT&lid=LSTSHOF8ABMTAAFQFXT6QDJ5A&marketplace=FLIPKART&q=sports+shoes+for+men&store=osp%2Fcil%2F1cu&spotlightTagId=default_FkPickId_osp%2Fcil%2F1cu&srno=s_2_60&otracker=search&otracker1=search&fm=Search&iid=77c7eab5-57e1-400f-b975-73d4f10a53b9.SHOF8ABMTAAFQFXT.SEARCH&ppt=sp&ppn=sp&ssid=6jirvqxby80000001766863332464&qH=f972ce6c5fecb395,"asian 
Wndr-13 sports shoes for men | Latest Stylish Casual sport shoes for men | running shoes for boys | Lace up Lightweight silver shoes for running, walking, gym, trekking, hiking & party Running Shoes For Men  (Silver, Black , 7)",662,shoes
https://www.flipkart.com/hotstyle-smoke-grey-7-sneakers-men/p/itmdc25aa4057765?pid=SHOHFY7UJH32F3ZK&lid=LSTSHOHFY7UJH32F3ZKVUTYZE&marketplace=FLIPKART&q=sports+shoes+for+men&store=osp%2Fcil%2F1cu&srno=s_2_61&otracker=search&otracker1=search&fm=Search&iid=en_HYiajizRnER2iGErFSIBod070UvgJCpHKsY-x0MzAOVehicpETr9q99wzpVygDT_O44DABC4EPDbq7oBY4uGpA%3D%3D&ppt=sp&ppn=sp&ssid=6jirvqxby80000001766863332464&qH=f972ce6c5fecb395,"HOTSTYLE 
SMOKE-GREY-7 Sneakers For Men  (White, Grey , 7)",445,shoes
https://www.flipkart.com/hotstyle-running-shoes-men/p/itmccb11d3ba330c?pid=SHOHBFS4JYQUUZKR&lid=LSTSHOHBFS4JYQUUZKRWY4YTR&marketplace=FLIPKART&q=sports+shoes+for+men&store=osp%2Fcil%2F1cu&srno=s_2_62&otracker=search&otracker1=search&fm=Search&iid=en_HYiajizRnER2iGErFSIBod070UvgJCpHKsY-x0MzAOXO10rN1WxZc8YtDIJpTuVL73iVeScoiwDsxeBTykuFPA%3D%3D&ppt=sp&ppn=sp&ssid=6jirvqxby80000001766863332464&qH=f972ce6c5fecb395,"HOTSTYLE 
Running Shoes For Men  (Multicolor , 8)",445,shoes
https://www.flipkart.com/bruton-trendy-men-sports-running-shoes/p/itmb3ebe97ae69d8?pid=SHOHANWGDT36NC37&lid=LSTSHOHANWGDT36NC37WFPY65&marketplace=FLIPKART&q=sports+shoes+for+men&store=osp%2Fcil%2F1cu&srno=s_2_63&otracker=search&otracker1=search&fm=Search&iid=77c7eab5-57e1-400f-b975-73d4f10a53b9.SHOHANWGDT36NC37.SEARCH&ppt=sp&ppn=sp&ssid=6jirvqxby80000001766863332464&qH=f972ce6c5fecb395,"BRUTON 
Trendy Men Sports Running Running Shoes For Men  (Blue , 8)",320,shoes
https://www.flipkart.com/adidas-ultimashow-ikd-m-men/p/itm716cee7df693f?pid=SHOHGWZ5NYFRXYNU&lid=LSTSHOHGWZ5NYFRXYNUOQCBZN&marketplace=FLIPKART&q=sports+shoes+for+men&store=osp%2Fcil%2F1cu&srno=s_2_64&otracker=search&otracker1=search&fm=Search&iid=77c7eab5-57e1-400f-b975-73d4f10a53b9.SHOHGWZ5NYFRXYNU.SEARCH&ppt=sp&ppn=sp&ssid=6jirvqxby80000001766863332464&qH=f972ce6c5fecb395,"ADIDAS 
ULTIMASHOW IKD M For Men  (Black , 7)",5599,shoes
https://www.flipkart.com/campus-hurricane-running-shoes-men/p/itme55da032c2427?pid=SHOG6BNZCWQZ5YZZ&lid=LSTSHOG6BNZCWQZ5YZZX5SIOI&marketplace=FLIPKART&q=sports+shoes+for+men&store=osp%2Fcil%2F1cu&srno=s_2_65&otracker=search&otracker1=search&fm=Search&iid=77c7eab5-57e1-400f-b975-73d4f10a53b9.SHOG6BNZCWQZ5YZZ.SEARCH&ppt=sp&ppn=sp&ssid=6jirvqxby80000001766863332464&qH=f972ce6c5fecb395,"CAMPUS 
HURRICANE Running Shoes For Men  (Navy , 6)",773,shoes
https://www.flipkart.com/asian-wndr-13-sports-shoes-men-latest-stylish-casual-sport-running-boys-lace-up-lightweight-firozi-running-walking-gym-trekking-hiking-party/p/itmff67fufdsbrqj?pid=SHOF8ABMUYHF4S8R&lid=LSTSHOF8ABMUYHF4S8RJ6A6Q6&marketplace=FLIPKART&q=sports+shoes+for+men&store=osp%2Fcil%2F1cu&srno=s_2_66&otracker=search&otracker1=search&fm=Search&iid=77c7eab5-57e1-400f-b975-73d4f10a53b9.SHOF8ABMUYHF4S8R.SEARCH&ppt=sp&ppn=sp&ssid=6jirvqxby80000001766863332464&qH=f972ce6c5fecb395,"asian 
Wndr-13 sports shoes for men | Latest Stylish Casual sport shoes for men | running shoes for boys | Lace up Lightweight firozi shoes for running, walking, gym, trekking, hiking & party Running Shoes For Men  (Red, Green , 6)",662,shoes
https://www.flipkart.com/free-kicks-kicks-444-latest-running-shoes-men/p/itm491f1e0a9973a?pid=SHOH92F2KHV6BYRW&lid=LSTSHOH92F2KHV6BYRWL2RBY8&marketplace=FLIPKART&q=sports+shoes+for+men&store=osp%2Fcil%2F1cu&srno=s_2_67&otracker=search&otracker1=search&fm=Search&iid=en_HYiajizRnER2iGErFSIBod070UvgJCpHKsY-x0MzAOXP1VJfUtLzvWT0Foq6CofMcraCduTmj8IjPo848aJnIw%3D%3D&ppt=sp&ppn=sp&ssid=6jirvqxby80000001766863332464&qH=f972ce6c5fecb395,"Free Kicks 
FREE KICKS-444 Latest Running Shoes For Men  (Grey, Orange , 10)",319,shoes
https://www.flipkart.com/foot-trends-safety-shoes-steel-toes-industrial-construction-warehouse-use-men/p/itme7116d0ceeb1d?pid=SHOHDNPGHFCHUMJS&lid=LSTSHOHDNPGHFCHUMJS8YHZO2&marketplace=FLIPKART&q=sports+shoes+for+men&store=osp%2Fcil%2F1cu&srno=s_2_68&otracker=search&otracker1=search&fm=Search&iid=en_HYiajizRnER2iGErFSIBod070UvgJCpHKsY-x0MzAOV777y4OFFOxOASrgqaGkwExBoLWpvrNLLZ79goiAx3dg%3D%3D&ppt=sp&ppn=sp&ssid=6jirvqxby80000001766863332464&qH=f972ce6c5fecb395,"foot trends 
Safety shoes with steel toes for industrial, construction and warehouse use For Men  (Black , 10)",495,shoes
https://www.flipkart.com/clymb-es-21-hockey-walking-outdoor-gym-traning-running-shoes-men/p/itmc8c6664334d1c?pid=SHOGRKEFCWJRZJZ5&lid=LSTSHOGRKEFCWJRZJZ5ZS018J&marketplace=FLIPKART&q=sports+shoes+for+men&store=osp%2Fcil%2F1cu&srno=s_2_69&otracker=search&otracker1=search&fm=Search&iid=77c7eab5-57e1-400f-b975-73d4f10a53b9.SHOGRKEFCWJRZJZ5.SEARCH&ppt=sp&ppn=sp&ssid=6jirvqxby80000001766863332464&qH=f972ce6c5fecb395,"CLYMB 
ES-21 Hockey Walking/Outdoor/Gym & Traning Running Shoes For Men  (Grey , 6)",460,shoes
https://www.flipkart.com/adidas-duramo-sl2-ikd-m-men/p/itm4c4a033b900dc?pid=SHOHGWZ5ZD4GKCHN&lid=LSTSHOHGWZ5ZD4GKCHNSLFBJS&marketplace=FLIPKART&q=sports+shoes+for+men&store=osp%2Fcil%2F1cu&srno=s_2_70&otracker=search&otracker1=search&fm=Search&iid=77c7eab5-57e1-400f-b975-73d4f10a53b9.SHOHGWZ5ZD4GKCHN.SEARCH&ppt=sp&ppn=sp&ssid=6jirvqxby80000001766863332464&qH=f972ce6c5fecb395,"ADIDAS 
DURAMO SL2 IKD M For Men  (White , 9)",4899,shoes
https://www.flipkart.com/action-athleo-atg-496-comfortable-lightweight-breathable-sports-lace-up-running-shoes-men/p/itm90d871abea385?pid=SHOGE95CM58GQ7XK&lid=LSTSHOGE95CM58GQ7XK54HBNS&marketplace=FLIPKART&q=sports+shoes+for+men&store=osp%2Fcil%2F1cu&srno=s_2_71&otracker=search&otracker1=search&fm=Search&iid=en_HYiajizRnER2iGErFSIBod070UvgJCpHKsY-x0MzAOXFxlZ4WDV54HTldXArAr9yEPpPpWkEadf9yQMae2JpdX3Gaq_wzx4HJysDmGalzMk%3D&ppt=sp&ppn=sp&ssid=6jirvqxby80000001766863332464&qH=f972ce6c5fecb395,"action 
Athleo ATG 496 Comfortable Lightweight Breathable Sports Lace Up Running Shoes For Men  (White , 8)",829,shoes
https://www.flipkart.com/bruton-hockey-931-sports-running-shoes-men/p/itmf38ca3d6109fb?pid=SHOH9SXYZKZJ7YSK&lid=LSTSHOH9SXYZKZJ7YSKOXPA1I&marketplace=FLIPKART&q=sports+shoes+for+men&store=osp%2Fcil%2F1cu&srno=s_2_72&otracker=search&otracker1=search&fm=Search&iid=en_HYiajizRnER2iGErFSIBod070UvgJCpHKsY-x0MzAOXaZ5Y_INnhKHxmfHZ2P6t3mGhFP53o0v7YOFWsGlvzBg%3D%3D&ppt=sp&ppn=sp&ssid=6jirvqxby80000001766863332464&qH=f972ce6c5fecb395,"BRUTON 
HOCKEY-931 | Sports Running Shoes For Men  (Blue , 6)",482,shoes
https://www.flipkart.com/birde-new-design-lightweight-stylish-trendy-shoes-walking-men/p/itmbd6387209f443?pid=SHOGEPZ8KZ7WGZ3Y&lid=LSTSHOGEPZ8KZ7WGZ3YWKYINM&marketplace=FLIPKART&q=sports+shoes+for+men&store=osp%2Fcil%2F1cu&srno=s_2_73&otracker=search&otracker1=search&fm=Search&iid=77c7eab5-57e1-400f-b975-73d4f10a53b9.SHOGEPZ8KZ7WGZ3Y.SEARCH&ppt=sp&ppn=sp&ssid=6jirvqxby80000001766863332464&qH=f972ce6c5fecb395,"Birde 
New Design Lightweight Stylish and Trendy shoes Walking Shoes For Men  (Multicolor , 8)",364,shoes
https://www.flipkart.com/hotstyle-trendy-stylish-running-shoes-men/p/itm0fc4e18fb0032?pid=SHOGZ9DQVHEMQVZN&lid=LSTSHOGZ9DQVHEMQVZNSOSTAH&marketplace=FLIPKART&q=sports+shoes+for+men&store=osp%2Fcil%2F1cu&srno=s_2_74&otracker=search&otracker1=search&fm=Search&iid=77c7eab5-57e1-400f-b975-73d4f10a53b9.SHOGZ9DQVHEMQVZN.SEARCH&ppt=sp&ppn=sp&ssid=6jirvqxby80000001766863332464&qH=f972ce6c5fecb395,"HOTSTYLE 
Trendy & Stylish Running Shoes For Men  (Black , 9)",300,shoes
https://www.flipkart.com/adidas-runesy-m-running-shoes-men/p/itm4e63748573a25?pid=SHOG9XNX3MVZAA7X&lid=LSTSHOG9XNX3MVZAA7XODLMF9&marketplace=FLIPKART&q=sports+shoes+for+men&store=osp%2Fcil%2F1cu&srno=s_2_75&otracker=search&otracker1=search&fm=Search&iid=77c7eab5-57e1-400f-b975-73d4f10a53b9.SHOG9XNX3MVZAA7X.SEARCH&ppt=sp&ppn=sp&ssid=6jirvqxby80000001766863332464&qH=f972ce6c5fecb395,"ADIDAS 
Runesy M Running Shoes For Men  (White , 9)",1669,shoes
https://www.flipkart.com/adidas-duramo-sl2-ikd-m-men/p/itm7a76bcee8ea1b?pid=SHOHGWZ5KYXFKKPK&lid=LSTSHOHGWZ5KYXFKKPKCDCGBR&marketplace=FLIPKART&q=sports+shoes+for+men&store=osp%2Fcil%2F1cu&srno=s_2_76&otracker=search&otracker1=search&fm=Search&iid=77c7eab5-57e1-400f-b975-73d4f10a53b9.SHOHGWZ5KYXFKKPK.SEARCH&ppt=sp&ppn=sp&ssid=6jirvqxby80000001766863332464&qH=f972ce6c5fecb395,"ADIDAS 
DURAMO SL2 IKD M For Men  (Blue , 11)",4899,shoes
https://www.flipkart.com/action-athleo-bullet-405-stylish-lightweight-comfortable-sports-lace-up-running-shoes-men/p/itm7ea958b3a61e8?pid=SHOH4WB79GSZAHFN&lid=LSTSHOH4WB79GSZAHFNBGHLBV&marketplace=FLIPKART&q=sports+shoes+for+men&store=osp%2Fcil%2F1cu&srno=s_2_77&otracker=search&otracker1=search&fm=Search&iid=en_HYiajizRnER2iGErFSIBod070UvgJCpHKsY-x0MzAOU4TVNZf8eXJByiij2ygFdUtu7mUuDs6wf00evP_DqmKWaRs4JL222ZRV-dN99QnxU%3D&ppt=sp&ppn=sp&ssid=6jirvqxby80000001766863332464&qH=f972ce6c5fecb395,"action 
Athleo BULLET 405 Stylish Lightweight Comfortable Sports Lace Up Running Shoes For Men  (White, Blue , 8)",1098,shoes
https://www.flipkart.com/clymb-es-21-hockey-walking-outdoor-gym-traning-running-shoes-men/p/itmc8c6664334d1c?pid=SHOGRKEFPZCYWM2P&lid=LSTSHOGRKEFPZCYWM2PK6DIQA&marketplace=FLIPKART&q=sports+shoes+for+men&store=osp%2Fcil%2F1cu&srno=s_2_78&otracker=search&otracker1=search&fm=Search&iid=en_HYiajizRnER2iGErFSIBod070UvgJCpHKsY-x0MzAOXV-W6-EcjBMdMcNNKcKaggerlDb48M62vIrLiccHTang%3D%3D&ppt=sp&ppn=sp&ssid=6jirvqxby80000001766863332464&qH=f972ce6c5fecb395,"CLYMB 
ES-21 Hockey Walking/Outdoor/Gym & Traning Running Shoes For Men  (Grey , 10)",460,shoes
https://www.flipkart.com/aadi-mesh-lightweight-comfort-summer-trendy-walking-outdoor-daily-use-men/p/itm5bee64e47ab1f?pid=SHOFZ9XM6GBFUGDN&lid=LSTSHOFZ9XM6GBFUGDNTAWSSY&marketplace=FLIPKART&q=sports+shoes+for+men&store=osp%2Fcil%2F1cu&srno=s_2_79&otracker=search&otracker1=search&fm=Search&iid=77c7eab5-57e1-400f-b975-73d4f10a53b9.SHOFZ9XM6GBFUGDN.SEARCH&ppt=sp&ppn=sp&ssid=6jirvqxby80000001766863332464&qH=f972ce6c5fecb395,"aadi 
Mesh |Lightweight|Comfort|Summer|Trendy|Walking|Outdoor|Daily Use For Men  (Grey , 9)",423,shoes
https://www.flipkart.com/coaster-running-shoes-men/p/itm5d7b8a29d8088?pid=SHOGNR9QYHKZJMZZ&lid=LSTSHOGNR9QYHKZJMZZZJVNQ7&marketplace=FLIPKART&q=sports+shoes+for+men&store=osp%2Fcil%2F1cu&srno=s_2_80&otracker=search&otracker1=search&fm=Search&iid=77c7eab5-57e1-400f-b975-73d4f10a53b9.SHOGNR9QYHKZJMZZ.SEARCH&ppt=sp&ppn=sp&ssid=6jirvqxby80000001766863332464&qH=f972ce6c5fecb395,"Coaster 
Running Shoes For Men  (Black , 6)",1338,shoes
https://www.flipkart.com/jqr-east-sports-shoes-walking-lightweight-trekking-stylish-running-shoes-men/p/itmcd9bd3048eed5?pid=SHOGHZGWYFZZYPCE&marketplace=FLIPKART,"JQR 
EAST Sports shoes, Walking, Lightweight, Trekking, Stylish Running Shoes For Men  (Grey , 7)",669,shoes
https://www.flipkart.com/bersache-premium-sports-gym-trending-stylish-running-shoes-men/p/itmfc7e8247de84b?pid=SHOGFGYSG8P84GVD&marketplace=FLIPKART,"BERSACHE 
Premium Sports ,Gym, Trending, Stylish Running Shoes For Men  (Black , 8)",998,shoes
https://www.flipkart.com/aadi-mesh-lightweight-comfort-summer-trendy-walking-outdoor-daily-use-men/p/itm5bee64e47ab1f?pid=SHOFZ9XM6GBFUGDN&marketplace=FLIPKART,"aadi 
Mesh |Lightweight|Comfort|Summer|Trendy|Walking|Outdoor|Daily Use For Men  (Grey , 9)",423,shoes
https://www.flipkart.com/bruton-ring-854-light-weight-walking-gym-sports-running-shoes-men/p/itm4647369d1241b?pid=SHOHBFDU9DTEKHYH&lid=LSTSHOHBFDU9DTEKHYHBYHPJD&marketplace=FLIPKART&q=sports+shoes+for+men&store=osp%2Fcil%2F1cu&srno=s_3_81&otracker=search&otracker1=search&fm=Search&iid=en_9kKBRPQjIFqUWM6C-x1i9zwsluWyRfTC4ilLW29Z2DBU-llkc9-Y7zGcQ3JVFjwJlWPR3r3tvmRbg_yeJjNCRw%3D%3D&ppt=sp&ppn=sp&ssid=s6eeeekw680000001766863334075&qH=f972ce6c5fecb395,"BRUTON 
Ring-854 |light Weight |Walking & Gym Sports | Running Shoes For Men  (Beige , 10)",466,shoes
https://www.flipkart.com/bruton-eva-lite-sport-shoes-running-men/p/itmc708b7b639208?pid=SHOHBYCAGRYMQ5MM&lid=LSTSHOHBYCAGRYMQ5MMJTUCTY&marketplace=FLIPKART&q=sports+shoes+for+men&store=osp%2Fcil%2F1cu&srno=s_3_82&otracker=search&otracker1=search&fm=Search&iid=en_9kKBRPQjIFqUWM6C-x1i9zwsluWyRfTC4ilLW29Z2DBWJCNnr3xVLq7lM7kuuuz2F4wIni7g7DZio1KjzgHtXQ%3D%3D&ppt=sp&ppn=sp&ssid=s6eeeekw680000001766863334075&qH=f972ce6c5fecb395,"BRUTON 
EVA Lite Sport Shoes Running Shoes For Men  (White , 10)",451,shoes
https://www.flipkart.com/asian-future-01-running-shoes-men/p/itmf3xv87vgdggyn?pid=SHOEEBH8PKH6YFR6&lid=LSTSHOEEBH8PKH6YFR6VNUBL8&marketplace=FLIPKART&q=sports+shoes+for+men&store=osp%2Fcil%2F1cu&srno=s_3_83&otracker=search&otracker1=search&fm=Search&iid=10acc674-748a-4d25-9873-ef6bd9f22fd2.SHOEEBH8PKH6YFR6.SEARCH&ppt=sp&ppn=sp&ssid=s6eeeekw680000001766863334075&qH=f972ce6c5fecb395,"asian 
Future-01 running shoes For Men  (Grey , 9)",726,shoes
https://www.flipkart.com/bruton-lite-sport-shoes-runing-running-men/p/itm53b2adb134c0e?pid=SHOGYEYSMFW3WGFH&lid=LSTSHOGYEYSMFW3WGFH2PVB41&marketplace=FLIPKART&q=sports+shoes+for+men&store=osp%2Fcil%2F1cu&srno=s_3_84&otracker=search&otracker1=search&fm=Search&iid=10acc674-748a-4d25-9873-ef6bd9f22fd2.SHOGYEYSMFW3WGFH.SEARCH&ppt=sp&ppn=sp&ssid=s6eeeekw680000001766863334075&qH=f972ce6c5fecb395,"BRUTON 
Lite Sport Shoes , Runing Shoes Running Shoes For Men  (White , 8)",446,shoes
https://www.flipkart.com/ligero-exclusive-trendy-sports-running-shoes-gym-training-sneakers-men/p/itmd88574b7c94ea?pid=SHOHBTKZJNAJ6QST&lid=LSTSHOHBTKZJNAJ6QSTHEAPJO&marketplace=FLIPKART&q=sports+shoes+for+men&store=osp%2Fcil%2F1cu&srno=s_3_85&otracker=search&otracker1=search&fm=Search&iid=10acc674-748a-4d25-9873-ef6bd9f22fd2.SHOHBTKZJNAJ6QST.SEARCH&ppt=sp&ppn=sp&ssid=s6eeeekw680000001766863334075&qH=f972ce6c5fecb395,"Ligero 
Exclusive Trendy Sports Running Shoes | Gym | Training | Sneakers Sneakers For Men  (Multicolor , 7)",490,shoes
https://www.flipkart.com/asian-nexon-03-white-gym-sports-casual-walking-stylish-running-shoes-men/p/itm0222ac91d5781?pid=SHOGND9FPDGGW2GF&lid=LSTSHOGND9FPDGGW2GFU3KON0&marketplace=FLIPKART&q=sports+shoes+for+men&store=osp%2Fcil%2F1cu&srno=s_3_86&otracker=search&otracker1=search&fm=Search&iid=10acc674-748a-4d25-9873-ef6bd9f22fd2.SHOGND9FPDGGW2GF.SEARCH&ppt=sp&ppn=sp&ssid=s6eeeekw680000001766863334075&qH=f972ce6c5fecb395,"asian 
Nexon-03 White Gym,Sports,Casual,Walking,Stylish Running Shoes For Men  (White, Orange , 9)",786,shoes
https://www.flipkart.com/free-kicks-fk-447-dailywear-running-shoes-men/p/itm0240fdb438236?pid=SHOGWUPK4GPJABBT&lid=LSTSHOGWUPK4GPJABBT782HES&marketplace=FLIPKART&q=sports+shoes+for+men&store=osp%2Fcil%2F1cu&srno=s_3_87&otracker=search&otracker1=search&fm=Search&iid=en_9kKBRPQjIFqUWM6C-x1i9zwsluWyRfTC4ilLW29Z2DAEPIRSHueI25Fc68qcr2ZkUUuoLYW_us-EMre80VN-Jg%3D%3D&ppt=sp&ppn=sp&ssid=s6eeeekw680000001766863334075&qH=f972ce6c5fecb395,"Free Kicks 
FK- 447 Dailywear Running Shoes For Men  (Grey, Green , 8)",301,shoes
https://www.flipkart.com/jqr-3d-max-running-shoes-men/p/itm3808c0273198c?pid=SHOHAY2QD9DZR2CK&lid=LSTSHOHAY2QD9DZR2CKGQHD1Q&marketplace=FLIPKART&q=sports+shoes+for+men&store=osp%2Fcil%2F1cu&srno=s_3_88&otracker=search&otracker1=search&fm=Search&iid=en_9kKBRPQjIFqUWM6C-x1i9zwsluWyRfTC4ilLW29Z2DCye8yYQg0tYf0VrWOF9axDdOM_0hB3Yr8INi3sTOETpPUFjCTyOHoHZs-Z5_PS_w0%3D&ppt=sp&ppn=sp&ssid=s6eeeekw680000001766863334075&qH=f972ce6c5fecb395,"JQR 
3D-MAX Running Shoes For Men  (White , 8)",927,shoes
https://www.flipkart.com/red-tape-athleisure-shoes-men-cultured-round-toe-shape-cushioning-technology-walking/p/itmb29a97f7f3c3c?pid=SHOH9C49YHZBT94X&lid=LSTSHOH9C49YHZBT94XB3BV3E&marketplace=FLIPKART&q=sports+shoes+for+men&store=osp%2Fcil%2F1cu&srno=s_3_89&otracker=search&otracker1=search&fm=Search&iid=10acc674-748a-4d25-9873-ef6bd9f22fd2.SHOH9C49YHZBT94X.SEARCH&ppt=sp&ppn=sp&ssid=s6eeeekw680000001766863334075&qH=f972ce6c5fecb395,"RED TAPE 
Athleisure Shoes for Men |Cultured Round-Toe Shape & Cushioning Technology Walking Shoes For Men  (White , 10)",1576,shoes
https://www.flipkart.com/killer-22508-navy-d-grey-walking-shoes-men/p/itm62ea3ed6cff3f?pid=SHOGC9Y9HQPHGSBX&lid=LSTSHOGC9Y9HQPHGSBX5AH7OK&marketplace=FLIPKART&q=sports+shoes+for+men&store=osp%2Fcil%2F1cu&srno=s_3_90&otracker=search&otracker1=search&fm=Search&iid=10acc674-748a-4d25-9873-ef6bd9f22fd2.SHOGC9Y9HQPHGSBX.SEARCH&ppt=sp&ppn=sp&ssid=s6eeeekw680000001766863334075&qH=f972ce6c5fecb395,"KILLER 
22508-Navy D.Grey Walking Shoes For Men  (Navy , 10)",685,shoes
https://www.flipkart.com/bruton-lite-sports-shoes-running-men/p/itm6a11d96a24e7f?pid=SHOGZHWZRGW2JFSB&lid=LSTSHOGZHWZRGW2JFSBHHOLJQ&marketplace=FLIPKART&q=sports+shoes+for+men&store=osp%2Fcil%2F1cu&srno=s_3_91&otracker=search&otracker1=search&fm=Search&iid=en_9kKBRPQjIFqUWM6C-x1i9zwsluWyRfTC4ilLW29Z2DAJlk46Jsbd14IK10RzpasBcpCQhN0_eSWlCNOH9YY8zQ%3D%3D&ppt=sp&ppn=sp&ssid=s6eeeekw680000001766863334075&qH=f972ce6c5fecb395,"BRUTON 
Lite Sports Shoes Running Shoes For Men  (Black , 10)",470,shoes
https://www.flipkart.com/aeonik-white-high-premium-quality-running-shoes-men/p/itm211ab9e3debb0?pid=SHOH2TRHX9TRZZET&lid=LSTSHOH2TRHX9TRZZETUE3CAE&marketplace=FLIPKART&q=sports+shoes+for+men&store=osp%2Fcil%2F1cu&srno=s_3_92&otracker=search&otracker1=search&fm=Search&iid=en_9kKBRPQjIFqUWM6C-x1i9zwsluWyRfTC4ilLW29Z2DCggirK0ca2tHsDPAdrc2MnHOrDipomNXjt1MM4xeNKkw%3D%3D&ppt=sp&ppn=sp&ssid=s6eeeekw680000001766863334075&qH=f972ce6c5fecb395,"Aeonik 
WHITE HIGH PREMIUM QUALITY Running Shoes For Men  (White , 8)",461,shoes
https://www.flipkart.com/birde-zeng-stylish-memory-foam-soft-comfortable-lightweight-regular-wear-shoes-walking-men/p/itm754f3659830b9?pid=SHOGT6GT6WA8HCAY&lid=LSTSHOGT6GT6WA8HCAY68NHTP&marketplace=FLIPKART&q=sports+shoes+for+men&store=osp%2Fcil%2F1cu&srno=s_3_93&otracker=search&otracker1=search&fm=Search&iid=10acc674-748a-4d25-9873-ef6bd9f22fd2.SHOGT6GT6WA8HCAY.SEARCH&ppt=sp&ppn=sp&ssid=s6eeeekw680000001766863334075&qH=f972ce6c5fecb395,"Birde 
ZenG Stylish Memory Foam Soft Comfortable LightWeight Regular Wear Shoes Walking Shoes For Men  (White , 8)",474,shoes
https://www.flipkart.com/clymb-cosko-lace-up-walking-outdoor-waterproof-running-shoes-men/p/itmdffcc5b43d98d?pid=SHOGH85BCGRNNTCZ&lid=LSTSHOGH85BCGRNNTCZ3PUXKC&marketplace=FLIPKART&q=sports+shoes+for+men&store=osp%2Fcil%2F1cu&srno=s_3_94&otracker=search&otracker1=search&fm=Search&iid=10acc674-748a-4d25-9873-ef6bd9f22fd2.SHOGH85BCGRNNTCZ.SEARCH&ppt=sp&ppn=sp&ssid=s6eeeekw680000001766863334075&qH=f972ce6c5fecb395,"CLYMB 
cosko Lace up walking outdoor waterproof running Running Shoes For Men  (Grey , 9)",460,shoes
https://www.flipkart.com/dsc-rigor-x-s-long-lasting-performance-9us-42eu-cricket-shoes-men/p/itm2636713480f81?pid=SHOGYGD9BP8YAU2Y&lid=LSTSHOGYGD9BP8YAU2Y1L61DQ&marketplace=FLIPKART&q=sports+shoes+for+men&store=osp%2Fcil%2F1cu&srno=s_3_95&otracker=search&otracker1=search&fm=Search&iid=10acc674-748a-4d25-9873-ef6bd9f22fd2.SHOGYGD9BP8YAU2Y.SEARCH&ppt=sp&ppn=sp&ssid=s6eeeekw680000001766863334075&qH=f972ce6c5fecb395,"DSC 
Rigor X s Long Lasting Performance : /9US/42EU Cricket Shoes For Men  (White, Red , 8)",569,shoes
https://www.flipkart.com/propride-party-wear-men/p/itm24c689b32f209?pid=SHOHANY88X3XGHW3&lid=LSTSHOHANY88X3XGHW38F7ELU&marketplace=FLIPKART&q=sports+shoes+for+men&store=osp%2Fcil%2F1cu&srno=s_3_96&otracker=search&otracker1=search&fm=Search&iid=10acc674-748a-4d25-9873-ef6bd9f22fd2.SHOHANY88X3XGHW3.SEARCH&ppt=sp&ppn=sp&ssid=s6eeeekw680000001766863334075&qH=f972ce6c5fecb395,"PROPRIDE 
Party Wear For Men  (Black , 9)",497,shoes
https://www.flipkart.com/free-kicks-fk-394-premium-running-shoes-men/p/itm6df7358e458ef?pid=SHOGDGYKDZEPNURT&lid=LSTSHOGDGYKDZEPNURTLJJDF1&marketplace=FLIPKART&q=sports+shoes+for+men&store=osp%2Fcil%2F1cu&srno=s_3_97&otracker=search&otracker1=search&fm=Search&iid=en_9kKBRPQjIFqUWM6C-x1i9zwsluWyRfTC4ilLW29Z2DAv_RXcZo8fa_ipV6tltDUnBvIt0OVq003u48A4umow2A%3D%3D&ppt=sp&ppn=sp&ssid=s6eeeekw680000001766863334075&qH=f972ce6c5fecb395,"Free Kicks 
FK-394 Premium Running Shoes For Men  (Blue, Orange , 10)",319,shoes
https://www.flipkart.com/world-wear-footwear-exclusive-affordable-collection-trendy-stylish-sports-shoes-running-men/p/itmbe7e0c5139378?pid=SHOH35F7VZT8NHQG&lid=LSTSHOH35F7VZT8NHQGQR0RKF&marketplace=FLIPKART&q=sports+shoes+for+men&store=osp%2Fcil%2F1cu&srno=s_3_98&otracker=search&otracker1=search&fm=Search&iid=en_9kKBRPQjIFqUWM6C-x1i9zwsluWyRfTC4ilLW29Z2DDaU4zSx9uz5NdVPeK1bNg6yO8rIG9cbyt-Cnx9pqWx-g%3D%3D&ppt=sp&ppn=sp&ssid=s6eeeekw680000001766863334075&qH=f972ce6c5fecb395,"World Wear Footwear 
Exclusive Affordable Collection of Trendy & Stylish Sports Shoes Running Shoes For Men  (Brown , 8)",491,shoes
https://www.flipkart.com/campus-hurricane-running-shoes-men/p/itm8bf99840d8e1f?pid=SHOG6BNZ9KBAABV4&lid=LSTSHOG6BNZ9KBAABV46OSYL2&marketplace=FLIPKART&q=sports+shoes+for+men&store=osp%2Fcil%2F1cu&srno=s_3_99&otracker=search&otracker1=search&fm=Search&iid=10acc674-748a-4d25-9873-ef6bd9f22fd2.SHOG6BNZ9KBAABV4.SEARCH&ppt=sp&ppn=sp&ssid=s6eeeekw680000001766863334075&qH=f972ce6c5fecb395,"CAMPUS 
HURRICANE Running Shoes For Men  (White , 6)",968,shoes
https://www.flipkart.com/spotwalk-spotwalk-mexo-stylish-walking-shoes-men/p/itme8319593f9574?pid=SHOGXGAYSFCNAYGY&lid=LSTSHOGXGAYSFCNAYGYTFFTFX&marketplace=FLIPKART&q=sports+shoes+for+men&store=osp%2Fcil%2F1cu&srno=s_3_100&otracker=search&otracker1=search&fm=Search&iid=10acc674-748a-4d25-9873-ef6bd9f22fd2.SHOGXGAYSFCNAYGY.SEARCH&ppt=sp&ppn=sp&ssid=s6eeeekw680000001766863334075&qH=f972ce6c5fecb395,"SPOTWALK 
SPOTWALK-Mexo Stylish Walking Shoes For Men  (Blue, Navy , 9)",320,shoes
https://www.flipkart.com/hotstyle-smoke-grey-7-sneakers-men/p/itmdc25aa4057765?pid=SHOHFY7UJH32F3ZK&lid=LSTSHOHFY7UJH32F3ZKVUTYZE&marketplace=FLIPKART&q=sports+shoes+for+men&store=osp%2Fcil%2F1cu&srno=s_3_101&otracker=search&otracker1=search&fm=Search&iid=en_9kKBRPQjIFqUWM6C-x1i9zwsluWyRfTC4ilLW29Z2DCfYvnY6EJoYqqcou7LT85FO44DABC4EPDbq7oBY4uGpA%3D%3D&ppt=sp&ppn=sp&ssid=s6eeeekw680000001766863334075&qH=f972ce6c5fecb395,"HOTSTYLE 
SMOKE-GREY-7 Sneakers For Men  (White, Grey , 7)",445,shoes
https://www.flipkart.com/hotstyle-running-shoes-men/p/itmccb11d3ba330c?pid=SHOHBFS4JYQUUZKR&lid=LSTSHOHBFS4JYQUUZKRWY4YTR&marketplace=FLIPKART&q=sports+shoes+for+men&store=osp%2Fcil%2F1cu&srno=s_3_102&otracker=search&otracker1=search&fm=Search&iid=en_9kKBRPQjIFqUWM6C-x1i9zwsluWyRfTC4ilLW29Z2DC5OKIqWidp2ElsxmHgix_tm5oreTXsMV03isWlroJdlQ%3D%3D&ppt=sp&ppn=sp&ssid=s6eeeekw680000001766863334075&qH=f972ce6c5fecb395,"HOTSTYLE 
Running Shoes For Men  (Multicolor , 8)",445,shoes
https://www.flipkart.com/sg-fusion-cricket-shoes-men/p/itmd0f107b2f5841?pid=SHOH2MYJ3PJ2GDTN&lid=LSTSHOH2MYJ3PJ2GDTNYKVUDT&marketplace=FLIPKART&q=sports+shoes+for+men&store=osp%2Fcil%2F1cu&spotlightTagId=default_TrendingId_osp%2Fcil%2F1cu&srno=s_3_103&otracker=search&otracker1=search&fm=Search&iid=10acc674-748a-4d25-9873-ef6bd9f22fd2.SHOH2MYJ3PJ2GDTN.SEARCH&ppt=sp&ppn=sp&ssid=s6eeeekw680000001766863334075&qH=f972ce6c5fecb395,"SG 
FUSION Cricket Shoes For Men  (Blue , 6)",926,shoes
https://www.flipkart.com/asian-cosko-slate-blue-sports-walking-training-gym-stylish-men/p/itm6ddb7e5743332?pid=SHOGDQJZG8G7FXEQ&lid=LSTSHOGDQJZG8G7FXEQVZLI8S&marketplace=FLIPKART&q=sports+shoes+for+men&store=osp%2Fcil%2F1cu&srno=s_3_104&otracker=search&otracker1=search&fm=Search&iid=10acc674-748a-4d25-9873-ef6bd9f22fd2.SHOGDQJZG8G7FXEQ.SEARCH&ppt=sp&ppn=sp&ssid=s6eeeekw680000001766863334075&qH=f972ce6c5fecb395,"asian 
Cosko Slate Blue Sports,Walking,Training,Gym,Stylish For Men  (Multicolor , 9)",665,shoes
https://www.flipkart.com/good-minar-running-shoe-walking-shoe-sports-shoe-shoes-men/p/itm7b6f0ea333742?pid=SHOGB55XEBHJXTEP&lid=LSTSHOGB55XEBHJXTEPWQJIY7&marketplace=FLIPKART&q=sports+shoes+for+men&store=osp%2Fcil%2F1cu&srno=s_3_105&otracker=search&otracker1=search&fm=Search&iid=10acc674-748a-4d25-9873-ef6bd9f22fd2.SHOGB55XEBHJXTEP.SEARCH&ppt=sp&ppn=sp&ssid=s6eeeekw680000001766863334075&qH=f972ce6c5fecb395,"GOOD MINAR 
Running Shoe|Walking Shoe|Sports Shoe Running Shoes For Men  (Green , 10)",464,shoes
https://www.flipkart.com/asian-captain-13-running-shoes-boys-sports-men-latest-stylish-casual-sneakers-lace-up-lightweight-black-running-walking-gym-trekking-hiking-party/p/itm8ace0a30c017d?pid=SHOFQ3B8B9CYZEHH&lid=LSTSHOFQ3B8B9CYZEHHONUIOM&marketplace=FLIPKART&q=sports+shoes+for+men&store=osp%2Fcil%2F1cu&srno=s_3_106&otracker=search&otracker1=search&fm=Search&iid=10acc674-748a-4d25-9873-ef6bd9f22fd2.SHOFQ3B8B9CYZEHH.SEARCH&ppt=sp&ppn=sp&ssid=s6eeeekw680000001766863334075&qH=f972ce6c5fecb395,"asian 
Captain-13 Running shoes for boys | sports shoes for men | Latest Stylish Casual sneakers for men | Lace up lightweight black shoes for running, walking, gym, trekking, hiking & party Running Shoes For Men  (Black , 7)",732,shoes
https://www.flipkart.com/free-kicks-kicks-444-latest-running-shoes-men/p/itm491f1e0a9973a?pid=SHOH92F2KHV6BYRW&lid=LSTSHOH92F2KHV6BYRWL2RBY8&marketplace=FLIPKART&q=sports+shoes+for+men&store=osp%2Fcil%2F1cu&srno=s_3_107&otracker=search&otracker1=search&fm=Search&iid=en_9kKBRPQjIFqUWM6C-x1i9zwsluWyRfTC4ilLW29Z2DDCX1-zToI6_gT9I5g6ym15craCduTmj8IjPo848aJnIw%3D%3D&ppt=sp&ppn=sp&ssid=s6eeeekw680000001766863334075&qH=f972ce6c5fecb395,"Free Kicks 
FREE KICKS-444 Latest Running Shoes For Men  (Grey, Orange , 10)",319,shoes
https://www.flipkart.com/foot-trends-safety-shoes-steel-toes-industrial-construction-warehouse-use-men/p/itme7116d0ceeb1d?pid=SHOHDNPGHFCHUMJS&lid=LSTSHOHDNPGHFCHUMJS8YHZO2&marketplace=FLIPKART&q=sports+shoes+for+men&store=osp%2Fcil%2F1cu&srno=s_3_108&otracker=search&otracker1=search&fm=Search&iid=en_9kKBRPQjIFqUWM6C-x1i9zwsluWyRfTC4ilLW29Z2DCEuwab1_Q_Wr6FDhWTGghoxBoLWpvrNLLZ79goiAx3dg%3D%3D&ppt=sp&ppn=sp&ssid=s6eeeekw680000001766863334075&qH=f972ce6c5fecb395,"foot trends 
Safety shoes with steel toes for industrial, construction and warehouse use For Men  (Black , 10)",495,shoes
https://www.flipkart.com/asian-wndr-13-sports-shoes-men-latest-stylish-casual-sport-running-boys-lace-up-lightweight-gray-running-walking-gym-trekking-hiking-party-running/p/itmfexam9utsputk?pid=SHOF3KF5G5WU9QUG&lid=LSTSHOF3KF5G5WU9QUGTHQEAS&marketplace=FLIPKART&q=sports+shoes+for+men&store=osp%2Fcil%2F1cu&srno=s_3_109&otracker=search&otracker1=search&fm=Search&iid=10acc674-748a-4d25-9873-ef6bd9f22fd2.SHOF3KF5G5WU9QUG.SEARCH&ppt=sp&ppn=sp&ssid=s6eeeekw680000001766863334075&qH=f972ce6c5fecb395,"asian 
wndr-13 sports shoes for men | Latest Stylish Casual sport shoes for men |running shoes for boys | Lace up Lightweight gray shoes for running, walking, gym, trekking, hiking & party Running Shoes For Men  (Multicolor , 7)",662,shoes
https://www.flipkart.com/clymb-jimmy-walking-outdoor-sports-running-shoes-men/p/itme1e60b3f6befb?pid=SHOGNQAYCG2XWQUG&lid=LSTSHOGNQAYCG2XWQUGYRSWPV&marketplace=FLIPKART&q=sports+shoes+for+men&store=osp%2Fcil%2F1cu&srno=s_3_110&otracker=search&otracker1=search&fm=Search&iid=10acc674-748a-4d25-9873-ef6bd9f22fd2.SHOGNQAYCG2XWQUG.SEARCH&ppt=sp&ppn=sp&ssid=s6eeeekw680000001766863334075&qH=f972ce6c5fecb395,"CLYMB 
Jimmy Walking/Outdoor/Sports Running Shoes For Men  (Black , 7)",460,shoes
https://www.flipkart.com/bruton-hockey-931-sports-running-shoes-men/p/itmf38ca3d6109fb?pid=SHOH9SXYZKZJ7YSK&lid=LSTSHOH9SXYZKZJ7YSKOXPA1I&marketplace=FLIPKART&q=sports+shoes+for+men&store=osp%2Fcil%2F1cu&srno=s_3_111&otracker=search&otracker1=search&fm=Search&iid=en_9kKBRPQjIFqUWM6C-x1i9zwsluWyRfTC4ilLW29Z2DCXWUW26wfauI2LDcvOfkbvjyZn5Gdx_87gVNKa-NySWw%3D%3D&ppt=sp&ppn=sp&ssid=s6eeeekw680000001766863334075&qH=f972ce6c5fecb395,"BRUTON 
HOCKEY-931 | Sports Running Shoes For Men  (Blue , 6)",482,shoes
https://www.flipkart.com/action-athleo-atg-496-comfortable-lightweight-breathable-sports-lace-up-running-shoes-men/p/itm90d871abea385?pid=SHOGE95CM58GQ7XK&lid=LSTSHOGE95CM58GQ7XK54HBNS&marketplace=FLIPKART&q=sports+shoes+for+men&store=osp%2Fcil%2F1cu&srno=s_3_112&otracker=search&otracker1=search&fm=Search&iid=en_9kKBRPQjIFqUWM6C-x1i9zwsluWyRfTC4ilLW29Z2DDYk1bZf2H7NJFXjBzfI91zEPpPpWkEadf9yQMae2JpdevN4Mn-dv-pi277bRzMbnY%3D&ppt=sp&ppn=sp&ssid=s6eeeekw680000001766863334075&qH=f972ce6c5fecb395,"action 
Athleo ATG 496 Comfortable Lightweight Breathable Sports Lace Up Running Shoes For Men  (White , 8)",829,shoes
https://www.flipkart.com/feroc-wild-fire-men-boys-unisex-kids-football-shoes/p/itm82972c55ad23e?pid=SHOHEC3SHPGHBSB3&lid=LSTSHOHEC3SHPGHBSB3JKGG4J&marketplace=FLIPKART&q=sports+shoes+for+men&store=osp%2Fcil%2F1cu&srno=s_3_113&otracker=search&otracker1=search&fm=Search&iid=10acc674-748a-4d25-9873-ef6bd9f22fd2.SHOHEC3SHPGHBSB3.SEARCH&ppt=sp&ppn=sp&ssid=s6eeeekw680000001766863334075&qH=f972ce6c5fecb395,"FEROC 
Wild FIRE Men Boys Unisex Kids Football Shoes For Men  (Blue , 8)",478,shoes
https://www.flipkart.com/asian-black-sports-shoes-running-walking-training-men/p/itmfew57gfrvrfg8?pid=SHOFA4TK6WMX4HZD&lid=LSTSHOFA4TK6WMX4HZDD4PMKO&marketplace=FLIPKART&q=sports+shoes+for+men&store=osp%2Fcil%2F1cu&srno=s_3_114&otracker=search&otracker1=search&fm=Search&iid=10acc674-748a-4d25-9873-ef6bd9f22fd2.SHOFA4TK6WMX4HZD.SEARCH&ppt=sp&ppn=sp&ssid=s6eeeekw680000001766863334075&qH=f972ce6c5fecb395,"asian 
Black Sports Shoes,Running ,Walking ,Training For Men  (Black , 7 UK/India)",704,shoes
https://www.flipkart.com/aadi-men-s-grey-lightweight-eva-running-walking-gym-casual-sports-shoes-running-men/p/itmf4ffe65f7bebc?pid=SHOGWT3UJPTHG3MD&lid=LSTSHOGWT3UJPTHG3MD4JGDOG&marketplace=FLIPKART&q=sports+shoes+for+men&store=osp%2Fcil%2F1cu&srno=s_3_115&otracker=search&otracker1=search&fm=Search&iid=10acc674-748a-4d25-9873-ef6bd9f22fd2.SHOGWT3UJPTHG3MD.SEARCH&ppt=sp&ppn=sp&ssid=s6eeeekw680000001766863334075&qH=f972ce6c5fecb395,"aadi 
Men's Grey Lightweight EVA Running, Walking & Gym Casual Sports Shoes Running Shoes For Men  (Grey , 10)",454,shoes
https://www.flipkart.com/red-tape-basketball-shoes-men-cultured-round-toe-shape-cushioning-technology/p/itm2058f472df785?pid=SHOHAGFYEX3YPZ3S&lid=LSTSHOHAGFYEX3YPZ3S1ZDBDS&marketplace=FLIPKART&q=sports+shoes+for+men&store=osp%2Fcil%2F1cu&srno=s_3_116&otracker=search&otracker1=search&fm=Search&iid=10acc674-748a-4d25-9873-ef6bd9f22fd2.SHOHAGFYEX3YPZ3S.SEARCH&ppt=sp&ppn=sp&ssid=s6eeeekw680000001766863334075&qH=f972ce6c5fecb395,"RED TAPE 
Basketball Shoes for Men | Cultured Round-Toe Shape & Cushioning Technology Basketball Shoes For Men  (Olive , 10)",1669,shoes
https://www.flipkart.com/action-athleo-bullet-405-stylish-lightweight-comfortable-sports-lace-up-running-shoes-men/p/itm7ea958b3a61e8?pid=SHOH4WB79GSZAHFN&lid=LSTSHOH4WB79GSZAHFNBGHLBV&marketplace=FLIPKART&q=sports+shoes+for+men&store=osp%2Fcil%2F1cu&srno=s_3_117&otracker=search&otracker1=search&fm=Search&iid=en_9kKBRPQjIFqUWM6C-x1i9zwsluWyRfTC4ilLW29Z2DBJJTQ9XEdHQykP09xMfdwltu7mUuDs6wf00evP_DqmKWaRs4JL222ZRV-dN99QnxU%3D&ppt=sp&ppn=sp&ssid=s6eeeekw680000001766863334075&qH=f972ce6c5fecb395,"action 
Athleo BULLET 405 Stylish Lightweight Comfortable Sports Lace Up Running Shoes For Men  (White, Blue , 8)",1098,shoes
https://www.flipkart.com/clymb-es-21-hockey-walking-outdoor-gym-traning-running-shoes-men/p/itmc8c6664334d1c?pid=SHOGRKEFPZCYWM2P&lid=LSTSHOGRKEFPZCYWM2PK6DIQA&marketplace=FLIPKART&q=sports+shoes+for+men&store=osp%2Fcil%2F1cu&srno=s_3_118&otracker=search&otracker1=search&fm=Search&iid=en_9kKBRPQjIFqUWM6C-x1i9zwsluWyRfTC4ilLW29Z2DAMYIFuDgFhP7RsSNfnVGtNerlDb48M62vIrLiccHTang%3D%3D&ppt=sp&ppn=sp&ssid=s6eeeekw680000001766863334075&qH=f972ce6c5fecb395,"CLYMB 
ES-21 Hockey Walking/Outdoor/Gym & Traning Running Shoes For Men  (Grey , 10)",460,shoes
https://www.flipkart.com/bruton-trendy-sports-running-shoes-men/p/itmf2e3878bc1109?pid=SHOGDZCPXDQXERCE&lid=LSTSHOGDZCPXDQXERCEPSCVRK&marketplace=FLIPKART&q=sports+shoes+for+men&store=osp%2Fcil%2F1cu&srno=s_3_119&otracker=search&otracker1=search&fm=Search&iid=10acc674-748a-4d25-9873-ef6bd9f22fd2.SHOGDZCPXDQXERCE.SEARCH&ppt=sp&ppn=sp&ssid=s6eeeekw680000001766863334075&qH=f972ce6c5fecb395,"BRUTON 
Trendy Sports Running Shoes For Men  (Blue, Orange , 9)",329,shoes
https://www.flipkart.com/nayv-kabaddi-shoes-boxing-wrestling-men/p/itma6639300feb08?pid=SHOGZZHWGDRHRGJN&lid=LSTSHOGZZHWGDRHRGJNWM6NW3&marketplace=FLIPKART&q=sports+shoes+for+men&store=osp%2Fcil%2F1cu&srno=s_3_120&otracker=search&otracker1=search&fm=Search&iid=10acc674-748a-4d25-9873-ef6bd9f22fd2.SHOGZZHWGDRHRGJN.SEARCH&ppt=sp&ppn=sp&ssid=s6eeeekw680000001766863334075&qH=f972ce6c5fecb395,"NAYV 
Kabaddi Shoes Boxing & Wrestling Shoes For Men  (Red , 11)",650,shoes
https://www.flipkart.com/jqr-3d-max-running-shoes-men/p/itm3808c0273198c?pid=SHOHAY2QD9DZR2CK&marketplace=FLIPKART,"JQR 
3D-MAX Running Shoes For Men  (White , 8)",927,shoes
https://www.flipkart.com/killer-22508-navy-d-grey-walking-shoes-men/p/itm62ea3ed6cff3f?pid=SHOGC9Y9HQPHGSBX&marketplace=FLIPKART,"KILLER 
22508-Navy D.Grey Walking Shoes For Men  (Navy , 10)",685,shoes
https://www.flipkart.com/action-athleo-atg-496-comfortable-lightweight-breathable-sports-lace-up-running-shoes-men/p/itm90d871abea385?pid=SHOGE95CM58GQ7XK&marketplace=FLIPKART,"action 
Athleo ATG 496 Comfortable Lightweight Breathable Sports Lace Up Running Shoes For Men  (White , 8)",829,shoes
https://www.flipkart.com/bruton-ring-854-light-weight-walking-gym-sports-running-shoes-men/p/itm4647369d1241b?pid=SHOHBFDU9DTEKHYH&lid=LSTSHOHBFDU9DTEKHYHBYHPJD&marketplace=FLIPKART&q=sports+shoes+for+men&store=osp%2Fcil%2F1cu&srno=s_4_121&otracker=search&otracker1=search&fm=Search&iid=en_thB9ewtTKyAJS3bCW7lpRPj18C9et1jMqr_IQhAzWolptboEZxCnmB92S8dagh5NlWPR3r3tvmRbg_yeJjNCRw%3D%3D&ppt=sp&ppn=sp&ssid=fj0dopfqo00000001766863336041&qH=f972ce6c5fecb395,"BRUTON 
Ring-854 |light Weight |Walking & Gym Sports | Running Shoes For Men  (Beige , 10)",466,shoes
https://www.flipkart.com/bruton-eva-lite-sport-shoes-running-men/p/itmc708b7b639208?pid=SHOHBYCAGRYMQ5MM&lid=LSTSHOHBYCAGRYMQ5MMJTUCTY&marketplace=FLIPKART&q=sports+shoes+for+men&store=osp%2Fcil%2F1cu&srno=s_4_122&otracker=search&otracker1=search&fm=Search&iid=en_thB9ewtTKyAJS3bCW7lpRPj18C9et1jMqr_IQhAzWomIpUr7ctC55fPLDdrolwrKwrsqsZA3uuNFfePENHWT3Q%3D%3D&ppt=sp&ppn=sp&ssid=fj0dopfqo00000001766863336041&qH=f972ce6c5fecb395,"BRUTON 
EVA Lite Sport Shoes Running Shoes For Men  (White , 10)",451,shoes
https://www.flipkart.com/campus-first-men-s-sports-shoes-pu-foam-comfort-ball-tech-support-lace-up-running-men/p/itmdaffca3f7955e?pid=SHOGY8YXCCCAYMJF&lid=LSTSHOGY8YXCCCAYMJFLMZ0SJ&marketplace=FLIPKART&q=sports+shoes+for+men&store=osp%2Fcil%2F1cu&srno=s_4_123&otracker=search&otracker1=search&fm=Search&iid=c89ce17b-c589-4b46-989e-7b377a8d2b21.SHOGY8YXCCCAYMJF.SEARCH&ppt=sp&ppn=sp&ssid=fj0dopfqo00000001766863336041&qH=f972ce6c5fecb395,"CAMPUS 
FIRST Men's Sports Shoes | PU Foam Comfort & Ball-Tech Support | Lace-Up Running Shoes For Men  (Grey , 7)",1309,shoes
https://www.flipkart.com/inn-black-premium-sports-gym-trending-stylish-running-shoes-men-sneakers/p/itmacf21002619eb?pid=SHOHGU7FTJKSCBBH&lid=LSTSHOHGU7FTJKSCBBHDTQQCS&marketplace=FLIPKART&q=sports+shoes+for+men&store=osp%2Fcil%2F1cu&srno=s_4_124&otracker=search&otracker1=search&fm=Search&iid=c89ce17b-c589-4b46-989e-7b377a8d2b21.SHOHGU7FTJKSCBBH.SEARCH&ppt=sp&ppn=sp&ssid=fj0dopfqo00000001766863336041&qH=f972ce6c5fecb395,"INN BLACK 
Premium Sports ,Gym, Trending, Stylish Running Shoes For Men Sneakers For Men  (White , 9)",526,shoes
https://www.flipkart.com/off-limits-ocm-801-01-hiking-trekking-shoes-men/p/itm260472ec6f9be?pid=SHOHGSFD3GMNCGSM&lid=LSTSHOHGSFD3GMNCGSMFUVXR3&marketplace=FLIPKART&q=sports+shoes+for+men&store=osp%2Fcil%2F1cu&srno=s_4_125&otracker=search&otracker1=search&fm=Search&iid=c89ce17b-c589-4b46-989e-7b377a8d2b21.SHOHGSFD3GMNCGSM.SEARCH&ppt=sp&ppn=sp&ssid=fj0dopfqo00000001766863336041&qH=f972ce6c5fecb395,"OFF LIMITS 
OCM-801 01 Hiking & Trekking Shoes For Men  (Black, Blue , 7)",2485,shoes
https://www.flipkart.com/off-limits-ocm-822-04-hiking-trekking-shoes-men/p/itm12f78bb22c329?pid=SHOHGSFHRUTUPSAP&lid=LSTSHOHGSFHRUTUPSAPOEPGV7&marketplace=FLIPKART&q=sports+shoes+for+men&store=osp%2Fcil%2F1cu&srno=s_4_126&otracker=search&otracker1=search&fm=Search&iid=c89ce17b-c589-4b46-989e-7b377a8d2b21.SHOHGSFHRUTUPSAP.SEARCH&ppt=sp&ppn=sp&ssid=fj0dopfqo00000001766863336041&qH=f972ce6c5fecb395,"OFF LIMITS 
OCM-822 04 Hiking & Trekking Shoes For Men  (Off White , 11)",2299,shoes
https://www.flipkart.com/free-kicks-fk-447-dailywear-running-shoes-men/p/itm0240fdb438236?pid=SHOGWUPK4GPJABBT&lid=LSTSHOGWUPK4GPJABBT782HES&marketplace=FLIPKART&q=sports+shoes+for+men&store=osp%2Fcil%2F1cu&srno=s_4_127&otracker=search&otracker1=search&fm=Search&iid=en_thB9ewtTKyAJS3bCW7lpRPj18C9et1jMqr_IQhAzWokmK4psK5Wz-mUbrpCfBqw1UUuoLYW_us-EMre80VN-Jg%3D%3D&ppt=sp&ppn=sp&ssid=fj0dopfqo00000001766863336041&qH=f972ce6c5fecb395,"Free Kicks 
FK- 447 Dailywear Running Shoes For Men  (Grey, Green , 8)",301,shoes
https://www.flipkart.com/jqr-3d-max-running-shoes-men/p/itm3808c0273198c?pid=SHOHAY2QD9DZR2CK&lid=LSTSHOHAY2QD9DZR2CKGQHD1Q&marketplace=FLIPKART&q=sports+shoes+for+men&store=osp%2Fcil%2F1cu&srno=s_4_128&otracker=search&otracker1=search&fm=Search&iid=en_thB9ewtTKyAJS3bCW7lpRPj18C9et1jMqr_IQhAzWomv-FYhzF2uXYmyhm4PKdVudOM_0hB3Yr8INi3sTOETpPUFjCTyOHoHZs-Z5_PS_w0%3D&ppt=sp&ppn=sp&ssid=fj0dopfqo00000001766863336041&qH=f972ce6c5fecb395,"JQR 
3D-MAX Running Shoes For Men  (White , 8)",927,shoes
https://www.flipkart.com/campus-north-plus-walking-shoes-men/p/itm946bc6a45d5c6?pid=SHOHGXQGKSMYKVCM&lid=LSTSHOHGXQGKSMYKVCMRZAKWY&marketplace=FLIPKART&q=sports+shoes+for+men&store=osp%2Fcil%2F1cu&srno=s_4_129&otracker=search&otracker1=search&fm=Search&iid=c89ce17b-c589-4b46-989e-7b377a8d2b21.SHOHGXQGKSMYKVCM.SEARCH&ppt=sp&ppn=sp&ssid=fj0dopfqo00000001766863336041&qH=f972ce6c5fecb395,"CAMPUS 
NORTH PLUS Walking Shoes For Men  (Blue , 6)",1186,shoes
https://www.flipkart.com/gejuff-size-10-2-pair-memory-foam-insole-men-shoe-sole-sneakers/p/itmac1af603f0446?pid=SHOGMEGG2GKGSCBW&lid=LSTSHOGMEGG2GKGSCBWWES7S6&marketplace=FLIPKART&q=sports+shoes+for+men&store=osp%2Fcil%2F1cu&srno=s_4_130&otracker=search&otracker1=search&fm=Search&iid=c89ce17b-c589-4b46-989e-7b377a8d2b21.SHOGMEGG2GKGSCBW.SEARCH&ppt=sp&ppn=sp&ssid=fj0dopfqo00000001766863336041&qH=f972ce6c5fecb395,"GEJUFF 
Size-10 ( 2 Pair ) Memory Foam Insole for Men Memory Foam Shoe Sole Sneakers For Men  (Black , 10)",217,shoes
https://www.flipkart.com/bruton-lite-sports-shoes-running-men/p/itm6a11d96a24e7f?pid=SHOGZHWZRGW2JFSB&lid=LSTSHOGZHWZRGW2JFSBHHOLJQ&marketplace=FLIPKART&q=sports+shoes+for+men&store=osp%2Fcil%2F1cu&srno=s_4_131&otracker=search&otracker1=search&fm=Search&iid=en_thB9ewtTKyAJS3bCW7lpRPj18C9et1jMqr_IQhAzWonWIsmA0Xo3Z2tTMlWGDKvHcpCQhN0_eSWlCNOH9YY8zQ%3D%3D&ppt=sp&ppn=sp&ssid=fj0dopfqo00000001766863336041&qH=f972ce6c5fecb395,"BRUTON 
Lite Sports Shoes Running Shoes For Men  (Black , 10)",470,shoes
https://www.flipkart.com/aeonik-white-high-premium-quality-running-shoes-men/p/itm211ab9e3debb0?pid=SHOH2TRHX9TRZZET&lid=LSTSHOH2TRHX9TRZZETUE3CAE&marketplace=FLIPKART&q=sports+shoes+for+men&store=osp%2Fcil%2F1cu&srno=s_4_132&otracker=search&otracker1=search&fm=Search&iid=en_thB9ewtTKyAJS3bCW7lpRPj18C9et1jMqr_IQhAzWokAFwus5Bih_04IS5xuOb1hHOrDipomNXjt1MM4xeNKkw%3D%3D&ppt=sp&ppn=sp&ssid=fj0dopfqo00000001766863336041&qH=f972ce6c5fecb395,"Aeonik 
WHITE HIGH PREMIUM QUALITY Running Shoes For Men  (White , 8)",461,shoes
https://www.flipkart.com/laxyash-black-shoes-premium-quality-sneakers-casuals-men-walking/p/itmda5463356a3b9?pid=SHOH7FF7ZJYQ6QG6&lid=LSTSHOH7FF7ZJYQ6QG64FWWVE&marketplace=FLIPKART&q=sports+shoes+for+men&store=osp%2Fcil%2F1cu&srno=s_4_133&otracker=search&otracker1=search&fm=Search&iid=c89ce17b-c589-4b46-989e-7b377a8d2b21.SHOH7FF7ZJYQ6QG6.SEARCH&ppt=sp&ppn=sp&ssid=fj0dopfqo00000001766863336041&qH=f972ce6c5fecb395,"LAXYASH 
BLACK SHOES PREMIUM QUALITY SNEAKERS Casuals For Men Walking Shoes For Men  (Black , 7)",460,shoes
https://www.flipkart.com/spotwalk-spotwalk-mexo-stylish-walking-shoes-men/p/itme8319593f9574?pid=SHOGXGAYSFCNAYGY&lid=LSTSHOGXGAYSFCNAYGYTFFTFX&marketplace=FLIPKART&q=sports+shoes+for+men&store=osp%2Fcil%2F1cu&srno=s_4_134&otracker=search&otracker1=search&fm=Search&iid=c89ce17b-c589-4b46-989e-7b377a8d2b21.SHOGXGAYSFCNAYGY.SEARCH&ppt=sp&ppn=sp&ssid=fj0dopfqo00000001766863336041&qH=f972ce6c5fecb395,"SPOTWALK 
SPOTWALK-Mexo Stylish Walking Shoes For Men  (Blue, Navy , 9)",320,shoes
https://www.flipkart.com/asian-running-shoes-men/p/itmbf321943ff8e9?pid=SHOHGYVY7DHHQAET&lid=LSTSHOHGYVY7DHHQAETZMH0TP&marketplace=FLIPKART&q=sports+shoes+for+men&store=osp%2Fcil%2F1cu&srno=s_4_135&otracker=search&otracker1=search&fm=Search&iid=c89ce17b-c589-4b46-989e-7b377a8d2b21.SHOHGYVY7DHHQAET.SEARCH&ppt=sp&ppn=sp&ssid=fj0dopfqo00000001766863336041&qH=f972ce6c5fecb395,"asian 
Running Shoes For Men  (Black , 6)",819,shoes
https://www.flipkart.com/action-n-802-comfortable-breathable-lightweight-trendy-sports-lace-ups-running-shoes-casuals-men/p/itmd4cf5bcb6f6d6?pid=SHOHFU9DUNHWNXRM&lid=LSTSHOHFU9DUNHWNXRM1MM3OA&marketplace=FLIPKART&q=sports+shoes+for+men&store=osp%2Fcil%2F1cu&srno=s_4_136&otracker=search&otracker1=search&fm=Search&iid=c89ce17b-c589-4b46-989e-7b377a8d2b21.SHOHFU9DUNHWNXRM.SEARCH&ppt=sp&ppn=sp&ssid=fj0dopfqo00000001766863336041&qH=f972ce6c5fecb395,"action 
N-802 Comfortable Breathable Lightweight Trendy Sports Lace Ups Running Shoes Casuals For Men  (White , 10)",1388,shoes
https://www.flipkart.com/free-kicks-fk-394-premium-running-shoes-men/p/itm6df7358e458ef?pid=SHOGDGYKDZEPNURT&lid=LSTSHOGDGYKDZEPNURTLJJDF1&marketplace=FLIPKART&q=sports+shoes+for+men&store=osp%2Fcil%2F1cu&srno=s_4_137&otracker=search&otracker1=search&fm=Search&iid=en_thB9ewtTKyAJS3bCW7lpRPj18C9et1jMqr_IQhAzWon8YL2ZYjE58X_vfVxDKgJUBvIt0OVq003u48A4umow2A%3D%3D&ppt=sp&ppn=sp&ssid=fj0dopfqo00000001766863336041&qH=f972ce6c5fecb395,"Free Kicks 
FK-394 Premium Running Shoes For Men  (Blue, Orange , 10)",319,shoes
https://www.flipkart.com/world-wear-footwear-exclusive-affordable-collection-trendy-stylish-sports-shoes-running-men/p/itmbe7e0c5139378?pid=SHOH35F7VZT8NHQG&lid=LSTSHOH35F7VZT8NHQGQR0RKF&marketplace=FLIPKART&q=sports+shoes+for+men&store=osp%2Fcil%2F1cu&srno=s_4_138&otracker=search&otracker1=search&fm=Search&iid=en_thB9ewtTKyAJS3bCW7lpRPj18C9et1jMqr_IQhAzWonhQ2mVZIXzKOFf9gYJ8OlfyO8rIG9cbyt-Cnx9pqWx-g%3D%3D&ppt=sp&ppn=sp&ssid=fj0dopfqo00000001766863336041&qH=f972ce6c5fecb395,"World Wear Footwear 
Exclusive Affordable Collection of Trendy & Stylish Sports Shoes Running Shoes For Men  (Brown , 8)",491,shoes
https://www.flipkart.com/jqr-global-sports-shoes-walking-lightweight-trekking-stylish-running-shoes-men/p/itmc07cdbe340802?pid=SHOGHZNRDFHKEU5Z&lid=LSTSHOGHZNRDFHKEU5ZUAGJ12&marketplace=FLIPKART&q=sports+shoes+for+men&store=osp%2Fcil%2F1cu&srno=s_4_139&otracker=search&otracker1=search&fm=Search&iid=c89ce17b-c589-4b46-989e-7b377a8d2b21.SHOGHZNRDFHKEU5Z.SEARCH&ppt=sp&ppn=sp&ssid=fj0dopfqo00000001766863336041&qH=f972ce6c5fecb395,"JQR 
GLOBAL Sports shoes, Walking, Lightweight, Trekking, Stylish Running Shoes For Men  (White , 10)",927,shoes
https://www.flipkart.com/exson-men-s-canvas-sports-shoes-running-party-wear-lace-up-velcro-high-tops-men/p/itmb1e522dd41a16?pid=SHOHHC37YXJYJH5M&lid=LSTSHOHHC37YXJYJH5MKWYNFD&marketplace=FLIPKART&q=sports+shoes+for+men&store=osp%2Fcil%2F1cu&srno=s_4_140&otracker=search&otracker1=search&fm=Search&iid=c89ce17b-c589-4b46-989e-7b377a8d2b21.SHOHHC37YXJYJH5M.SEARCH&ppt=sp&ppn=sp&ssid=fj0dopfqo00000001766863336041&qH=f972ce6c5fecb395,"eXson 
Men's Canvas Sports Shoes Running & Party Wear Shoes Lace Up & Velcro Shoes High Tops For Men  (Beige , 6)",394,shoes
https://www.flipkart.com/hotstyle-smoke-grey-7-sneakers-men/p/itmdc25aa4057765?pid=SHOHFY7UJH32F3ZK&lid=LSTSHOHFY7UJH32F3ZKVUTYZE&marketplace=FLIPKART&q=sports+shoes+for+men&store=osp%2Fcil%2F1cu&srno=s_4_141&otracker=search&otracker1=search&fm=Search&iid=en_thB9ewtTKyAJS3bCW7lpRPj18C9et1jMqr_IQhAzWokOnJWPLKvwiE3lyIrwdvkdO44DABC4EPDbq7oBY4uGpA%3D%3D&ppt=sp&ppn=sp&ssid=fj0dopfqo00000001766863336041&qH=f972ce6c5fecb395,"HOTSTYLE 
SMOKE-GREY-7 Sneakers For Men  (White, Grey , 7)",445,shoes
https://www.flipkart.com/hotstyle-running-shoes-men/p/itmccb11d3ba330c?pid=SHOHBFS4JYQUUZKR&lid=LSTSHOHBFS4JYQUUZKRWY4YTR&marketplace=FLIPKART&q=sports+shoes+for+men&store=osp%2Fcil%2F1cu&srno=s_4_142&otracker=search&otracker1=search&fm=Search&iid=en_thB9ewtTKyAJS3bCW7lpRPj18C9et1jMqr_IQhAzWomnMAhWhfwWyo7kT5C5duLCJQLd1Am5rv_yiUlETs6B6A%3D%3D&ppt=sp&ppn=sp&ssid=fj0dopfqo00000001766863336041&qH=f972ce6c5fecb395,"HOTSTYLE 
Running Shoes For Men  (Multicolor , 8)",445,shoes
https://www.flipkart.com/lakhani-vardaan-jogging-walking-shoes-men-soft-cushioned-insole-slip-resistance-running-men/p/itmfae1c26de2048?pid=SHOH6PGFSSYBCFXY&lid=LSTSHOH6PGFSSYBCFXYBA5UEI&marketplace=FLIPKART&q=sports+shoes+for+men&store=osp%2Fcil%2F1cu&srno=s_4_143&otracker=search&otracker1=search&fm=Search&iid=c89ce17b-c589-4b46-989e-7b377a8d2b21.SHOH6PGFSSYBCFXY.SEARCH&ppt=sp&ppn=sp&ssid=fj0dopfqo00000001766863336041&qH=f972ce6c5fecb395,"Lakhani Vardaan 
Jogging, Walking Shoes For Men|| Soft Cushioned Insole, Slip-Resistance Running Shoes For Men  (Grey , 6)",631,shoes
https://www.flipkart.com/bersache-premium-sports-gym-trending-stylish-running-shoes-men/p/itm9ddb4be33c358?pid=SHOGZZQ2DMGHDHX6&lid=LSTSHOGZZQ2DMGHDHX6FYYS1J&marketplace=FLIPKART&q=sports+shoes+for+men&store=osp%2Fcil%2F1cu&srno=s_4_144&otracker=search&otracker1=search&fm=Search&iid=c89ce17b-c589-4b46-989e-7b377a8d2b21.SHOGZZQ2DMGHDHX6.SEARCH&ppt=sp&ppn=sp&ssid=fj0dopfqo00000001766863336041&qH=f972ce6c5fecb395,"BERSACHE 
Premium Sports ,Gym, Trending, Stylish Running Shoes For Men  (White , 9)",999,shoes
https://www.flipkart.com/sg-club-6-0-cricket-shoe-improved-stability-game-size-uk5-us6-eu39-shoes-men/p/itm24078c75a2232?pid=SHOGYXUFPGMCVGPX&lid=LSTSHOGYXUFPGMCVGPXXUZYOY&marketplace=FLIPKART&q=sports+shoes+for+men&store=osp%2Fcil%2F1cu&srno=s_4_145&otracker=search&otracker1=search&fm=Search&iid=c89ce17b-c589-4b46-989e-7b377a8d2b21.SHOGYXUFPGMCVGPX.SEARCH&ppt=sp&ppn=sp&ssid=fj0dopfqo00000001766863336041&qH=f972ce6c5fecb395,"SG 
CLUB 6.0 Cricket Shoe For Improved Stability in the Game Size: UK5/US6/EU39 Cricket Shoes For Men  (White, Dark Blue , 5)",1440,shoes
https://www.flipkart.com/nivia-zion-1-cricket-shoes-men/p/itmfe4fh52anmcgf?pid=SHOFBRKEHFZB4HW8&lid=LSTSHOFBRKEHFZB4HW8O0ELYO&marketplace=FLIPKART&q=sports+shoes+for+men&store=osp%2Fcil%2F1cu&srno=s_4_146&otracker=search&otracker1=search&fm=Search&iid=c89ce17b-c589-4b46-989e-7b377a8d2b21.SHOFBRKEHFZB4HW8.SEARCH&ppt=sp&ppn=sp&ssid=fj0dopfqo00000001766863336041&qH=f972ce6c5fecb395,"NIVIA 
ZION-1 Cricket Shoes For Men  (Orange , 5)",896,shoes
https://www.flipkart.com/free-kicks-kicks-444-latest-running-shoes-men/p/itm491f1e0a9973a?pid=SHOH92F2KHV6BYRW&lid=LSTSHOH92F2KHV6BYRWL2RBY8&marketplace=FLIPKART&q=sports+shoes+for+men&store=osp%2Fcil%2F1cu&srno=s_4_147&otracker=search&otracker1=search&fm=Search&iid=en_thB9ewtTKyAJS3bCW7lpRPj18C9et1jMqr_IQhAzWomnlNX3jN9VmJuTJdfOlhFQcraCduTmj8IjPo848aJnIw%3D%3D&ppt=sp&ppn=sp&ssid=fj0dopfqo00000001766863336041&qH=f972ce6c5fecb395,"Free Kicks 
FREE KICKS-444 Latest Running Shoes For Men  (Grey, Orange , 10)",319,shoes
https://www.flipkart.com/foot-trends-safety-shoes-steel-toes-industrial-construction-warehouse-use-men/p/itme7116d0ceeb1d?pid=SHOHDNPGHFCHUMJS&lid=LSTSHOHDNPGHFCHUMJS8YHZO2&marketplace=FLIPKART&q=sports+shoes+for+men&store=osp%2Fcil%2F1cu&srno=s_4_148&otracker=search&otracker1=search&fm=Search&iid=en_thB9ewtTKyAJS3bCW7lpRPj18C9et1jMqr_IQhAzWokb7dm8E9EsauwGr_o-fnYjxBoLWpvrNLLZ79goiAx3dg%3D%3D&ppt=sp&ppn=sp&ssid=fj0dopfqo00000001766863336041&qH=f972ce6c5fecb395,"foot trends 
Safety shoes with steel toes for industrial, construction and warehouse use For Men  (Black , 10)",495,shoes
https://www.flipkart.com/ezdezario-running-shoes-men/p/itm4365eb0a2f53d?pid=SHOGGFPYSM5WCSMR&lid=LSTSHOGGFPYSM5WCSMRIRYMFE&marketplace=FLIPKART&q=sports+shoes+for+men&store=osp%2Fcil%2F1cu&srno=s_4_149&otracker=search&otracker1=search&fm=Search&iid=c89ce17b-c589-4b46-989e-7b377a8d2b21.SHOGGFPYSM5WCSMR.SEARCH&ppt=sp&ppn=sp&ssid=fj0dopfqo00000001766863336041&qH=f972ce6c5fecb395,"EZDEZARIO 
Running Shoes For Men  (Blue, Black , 7)",473,shoes
https://www.flipkart.com/face-lightweight-sports-shoe-men-running-shoes/p/itmfbd0316783ad7?pid=SHOHGSDQN7FGBWMH&lid=LSTSHOHGSDQN7FGBWMHF7KOYD&marketplace=FLIPKART&q=sports+shoes+for+men&store=osp%2Fcil%2F1cu&srno=s_4_150&otracker=search&otracker1=search&fm=Search&iid=c89ce17b-c589-4b46-989e-7b377a8d2b21.SHOHGSDQN7FGBWMH.SEARCH&ppt=sp&ppn=sp&ssid=fj0dopfqo00000001766863336041&qH=f972ce6c5fecb395,"Face 
LightWeight Sports Shoe For Men Running Shoes For Men  (Black, White , 9)",540,shoes
https://www.flipkart.com/bruton-hockey-931-sports-running-shoes-men/p/itmf38ca3d6109fb?pid=SHOH9SXYZKZJ7YSK&lid=LSTSHOH9SXYZKZJ7YSKOXPA1I&marketplace=FLIPKART&q=sports+shoes+for+men&store=osp%2Fcil%2F1cu&srno=s_4_151&otracker=search&otracker1=search&fm=Search&iid=en_thB9ewtTKyAJS3bCW7lpRPj18C9et1jMqr_IQhAzWomGQpBBhafll8mhEqAQs7VVjyZn5Gdx_87gVNKa-NySWw%3D%3D&ppt=sp&ppn=sp&ssid=fj0dopfqo00000001766863336041&qH=f972ce6c5fecb395,"BRUTON 
HOCKEY-931 | Sports Running Shoes For Men  (Blue , 6)",482,shoes
https://www.flipkart.com/action-athleo-atg-496-comfortable-lightweight-breathable-sports-lace-up-running-shoes-men/p/itm90d871abea385?pid=SHOGE95CM58GQ7XK&lid=LSTSHOGE95CM58GQ7XK54HBNS&marketplace=FLIPKART&q=sports+shoes+for+men&store=osp%2Fcil%2F1cu&srno=s_4_152&otracker=search&otracker1=search&fm=Search&iid=en_thB9ewtTKyAJS3bCW7lpRPj18C9et1jMqr_IQhAzWonwFBWoCNMO8fc0Iy7PzQE4EPpPpWkEadf9yQMae2JpdevN4Mn-dv-pi277bRzMbnY%3D&ppt=sp&ppn=sp&ssid=fj0dopfqo00000001766863336041&qH=f972ce6c5fecb395,"action 
Athleo ATG 496 Comfortable Lightweight Breathable Sports Lace Up Running Shoes For Men  (White , 8)",829,shoes
https://www.flipkart.com/unistar-lightweight-hiking-trekking-boots-anti-slip-single-density-rugged-sole-men/p/itmdc08b5d99ba15?pid=SHOFJKYP9EY5VUEH&lid=LSTSHOFJKYP9EY5VUEHMQAOS1&marketplace=FLIPKART&q=sports+shoes+for+men&store=osp%2Fcil%2F1cu&srno=s_4_153&otracker=search&otracker1=search&fm=Search&iid=c89ce17b-c589-4b46-989e-7b377a8d2b21.SHOFJKYP9EY5VUEH.SEARCH&ppt=sp&ppn=sp&ssid=fj0dopfqo00000001766863336041&qH=f972ce6c5fecb395,"Unistar 
Lightweight Hiking & Trekking Boots with Anti-Slip Single Density Rugged Sole Boots For Men  (Olive, Green , 9)",566,shoes
https://www.flipkart.com/hotstyle-trendy-stylish-running-shoes-men/p/itm0fc4e18fb0032?pid=SHOGZ9DQVHEMQVZN&lid=LSTSHOGZ9DQVHEMQVZNSOSTAH&marketplace=FLIPKART&q=sports+shoes+for+men&store=osp%2Fcil%2F1cu&srno=s_4_154&otracker=search&otracker1=search&fm=Search&iid=c89ce17b-c589-4b46-989e-7b377a8d2b21.SHOGZ9DQVHEMQVZN.SEARCH&ppt=sp&ppn=sp&ssid=fj0dopfqo00000001766863336041&qH=f972ce6c5fecb395,"HOTSTYLE 
Trendy & Stylish Running Shoes For Men  (Black , 9)",300,shoes
https://www.flipkart.com/go-ride-running-shoes-men/p/itm34676945f4199?pid=SHOGETP7XGSBSRY6&lid=LSTSHOGETP7XGSBSRY6N52PL0&marketplace=FLIPKART&q=sports+shoes+for+men&store=osp%2Fcil%2F1cu&srno=s_4_155&otracker=search&otracker1=search&fm=Search&iid=c89ce17b-c589-4b46-989e-7b377a8d2b21.SHOGETP7XGSBSRY6.SEARCH&ppt=sp&ppn=sp&ssid=fj0dopfqo00000001766863336041&qH=f972ce6c5fecb395,"GO RIDE 
Running Shoes For Men  (White , 6)",1016,shoes
https://www.flipkart.com/house-common-premium-quality-sports-shoe-comfortable-lightweight-durable-running-shoes-men/p/itm729970ce066dc?pid=SHOHGXRUVABC8NG5&lid=LSTSHOHGXRUVABC8NG57ABDTQ&marketplace=FLIPKART&q=sports+shoes+for+men&store=osp%2Fcil%2F1cu&srno=s_4_156&otracker=search&otracker1=search&fm=Search&iid=c89ce17b-c589-4b46-989e-7b377a8d2b21.SHOHGXRUVABC8NG5.SEARCH&ppt=sp&ppn=sp&ssid=fj0dopfqo00000001766863336041&qH=f972ce6c5fecb395,"house of common 
Premium Quality Sports Shoe, Comfortable, Lightweight, Durable Running Shoes For Men  (Grey, Blue , 10)",565,shoes
https://www.flipkart.com/action-athleo-bullet-405-stylish-lightweight-comfortable-sports-lace-up-running-shoes-men/p/itm7ea958b3a61e8?pid=SHOH4WB79GSZAHFN&lid=LSTSHOH4WB79GSZAHFNBGHLBV&marketplace=FLIPKART&q=sports+shoes+for+men&store=osp%2Fcil%2F1cu&srno=s_4_157&otracker=search&otracker1=search&fm=Search&iid=en_thB9ewtTKyAJS3bCW7lpRPj18C9et1jMqr_IQhAzWokzlc4hO9x4IRg8oM2CVg9ftu7mUuDs6wf00evP_DqmKWaRs4JL222ZRV-dN99QnxU%3D&ppt=sp&ppn=sp&ssid=fj0dopfqo00000001766863336041&qH=f972ce6c5fecb395,"action 
Athleo BULLET 405 Stylish Lightweight Comfortable Sports Lace Up Running Shoes For Men  (White, Blue , 8)",1098,shoes
https://www.flipkart.com/clymb-es-21-hockey-walking-outdoor-gym-traning-running-shoes-men/p/itmc8c6664334d1c?pid=SHOGRKEFPZCYWM2P&lid=LSTSHOGRKEFPZCYWM2PK6DIQA&marketplace=FLIPKART&q=sports+shoes+for+men&store=osp%2Fcil%2F1cu&srno=s_4_158&otracker=search&otracker1=search&fm=Search&iid=en_thB9ewtTKyAJS3bCW7lpRPj18C9et1jMqr_IQhAzWonRcr-TSXAN_IY6DX-LfCMaerlDb48M62vIrLiccHTang%3D%3D&ppt=sp&ppn=sp&ssid=fj0dopfqo00000001766863336041&qH=f972ce6c5fecb395,"CLYMB 
ES-21 Hockey Walking/Outdoor/Gym & Traning Running Shoes For Men  (Grey , 10)",460,shoes
https://www.flipkart.com/free-kicks-sw-freesole-latest-running-shoes-men/p/itmad3c138f2cfae?pid=SHOGXSVKFU4WYGUP&lid=LSTSHOGXSVKFU4WYGUP7P1SON&marketplace=FLIPKART&q=sports+shoes+for+men&store=osp%2Fcil%2F1cu&srno=s_4_159&otracker=search&otracker1=search&fm=Search&iid=c89ce17b-c589-4b46-989e-7b377a8d2b21.SHOGXSVKFU4WYGUP.SEARCH&ppt=sp&ppn=sp&ssid=fj0dopfqo00000001766863336041&qH=f972ce6c5fecb395,"Free Kicks 
SW - Freesole Latest Running Shoes For Men  (Grey , 6)",440,shoes
https://www.flipkart.com/bersache-premium-sports-gym-trending-stylish-running-shoes-men/p/itm3af491bef6525?pid=SHOGDZ7RWJYWH9D4&lid=LSTSHOGDZ7RWJYWH9D4TG1ICS&marketplace=FLIPKART&q=sports+shoes+for+men&store=osp%2Fcil%2F1cu&srno=s_4_160&otracker=search&otracker1=search&fm=Search&iid=c89ce17b-c589-4b46-989e-7b377a8d2b21.SHOGDZ7RWJYWH9D4.SEARCH&ppt=sp&ppn=sp&ssid=fj0dopfqo00000001766863336041&qH=f972ce6c5fecb395,"BERSACHE 
Premium Sports ,Gym, Trending, Stylish Running Shoes For Men  (Grey , 7)",794,shoes
https://www.flipkart.com/spotwalk-spotwalk-mexo-stylish-walking-shoes-men/p/itme8319593f9574?pid=SHOGXGAYSFCNAYGY&marketplace=FLIPKART,"SPOTWALK 
SPOTWALK-Mexo Stylish Walking Shoes For Men  (Blue, Navy , 9)",320,shoes
https://www.flipkart.com/bruton-ring-854-light-weight-walking-gym-sports-running-shoes-men/p/itm4647369d1241b?pid=SHOHBFDU9DTEKHYH&lid=LSTSHOHBFDU9DTEKHYHBYHPJD&marketplace=FLIPKART&q=sports+shoes+for+men&store=osp%2Fcil%2F1cu&srno=s_5_161&otracker=search&otracker1=search&fm=Search&iid=en_B18L1tGe3F4nFcZQ-jdhEku-U0mmmlaBU74_GSSpV6d0wKsdhgHRWoJYwxgdLomrlWPR3r3tvmRbg_yeJjNCRw%3D%3D&ppt=sp&ppn=sp&ssid=rpr8k38nkg0000001766863337594&qH=f972ce6c5fecb395,"BRUTON 
Ring-854 |light Weight |Walking & Gym Sports | Running Shoes For Men  (Beige , 10)",466,shoes
https://www.flipkart.com/bruton-eva-lite-sport-shoes-running-men/p/itmc708b7b639208?pid=SHOHBYCAGRYMQ5MM&lid=LSTSHOHBYCAGRYMQ5MMJTUCTY&marketplace=FLIPKART&q=sports+shoes+for+men&store=osp%2Fcil%2F1cu&srno=s_5_162&otracker=search&otracker1=search&fm=Search&iid=en_B18L1tGe3F4nFcZQ-jdhEku-U0mmmlaBU74_GSSpV6fyuCW_KH5frr74DSpaMy-1wrsqsZA3uuNFfePENHWT3Q%3D%3D&ppt=sp&ppn=sp&ssid=rpr8k38nkg0000001766863337594&qH=f972ce6c5fecb395,"BRUTON 
EVA Lite Sport Shoes Running Shoes For Men  (White , 10)",451,shoes
https://www.flipkart.com/birde-premium-lightweight-comfortable-regular-wear-walking-shoes-men/p/itme7a4b0d9138ce?pid=SHOGZH39U3PBGEFU&lid=LSTSHOGZH39U3PBGEFUKTCKCW&marketplace=FLIPKART&q=sports+shoes+for+men&store=osp%2Fcil%2F1cu&srno=s_5_163&otracker=search&otracker1=search&fm=Search&iid=0e679bb1-c4e2-43b9-8765-3feb22ee81f4.SHOGZH39U3PBGEFU.SEARCH&ppt=sp&ppn=sp&ssid=rpr8k38nkg0000001766863337594&qH=f972ce6c5fecb395,"Birde 
Premium Lightweight Comfortable Regular Wear Walking Shoes For Men  (Black , 8)",461,shoes
https://www.flipkart.com/reebok-velocity-runner-m-running-shoes-men/p/itm3b04064294c6e?pid=SHOHHKVHTZZQ8VGR&lid=LSTSHOHHKVHTZZQ8VGRCSKKIK&marketplace=FLIPKART&q=sports+shoes+for+men&store=osp%2Fcil%2F1cu&srno=s_5_164&otracker=search&otracker1=search&fm=Search&iid=0e679bb1-c4e2-43b9-8765-3feb22ee81f4.SHOHHKVHTZZQ8VGR.SEARCH&ppt=sp&ppn=sp&ssid=rpr8k38nkg0000001766863337594&qH=f972ce6c5fecb395,"REEBOK 
Velocity Runner M Running Shoes For Men  (Navy , 7)",1410,shoes
https://www.flipkart.com/action-athleo-atg-496-comfortable-lightweight-breathable-sports-lace-up-running-shoes-men/p/itm9234e9f4ea30c?pid=SHOGR7FSVH9CYWKG&lid=LSTSHOGR7FSVH9CYWKG6J7YI2&marketplace=FLIPKART&q=sports+shoes+for+men&store=osp%2Fcil%2F1cu&srno=s_5_165&otracker=search&otracker1=search&fm=Search&iid=0e679bb1-c4e2-43b9-8765-3feb22ee81f4.SHOGR7FSVH9CYWKG.SEARCH&ppt=sp&ppn=sp&ssid=rpr8k38nkg0000001766863337594&qH=f972ce6c5fecb395,"action 
Athleo ATG 496 Comfortable Lightweight Breathable Sports Lace Up Running Shoes For Men  (Black , 6)",858,shoes
https://www.flipkart.com/bersache-casual-sneaker-white-shoe-men-soft-cushioned-insole-casuals-men-walking-shoes/p/itm9f60c709460c3?pid=SHOHFKUE2YNDEWU8&lid=LSTSHOHFKUE2YNDEWU8VCN2XR&marketplace=FLIPKART&q=sports+shoes+for+men&store=osp%2Fcil%2F1cu&srno=s_5_166&otracker=search&otracker1=search&fm=Search&iid=0e679bb1-c4e2-43b9-8765-3feb22ee81f4.SHOHFKUE2YNDEWU8.SEARCH&ppt=sp&ppn=sp&ssid=rpr8k38nkg0000001766863337594&qH=f972ce6c5fecb395,"BERSACHE 
Casual Sneaker White shoe for Men| Soft Cushioned Insole , Casuals For Men Walking Shoes For Men  (White , 7)",998,shoes
https://www.flipkart.com/free-kicks-fk-447-dailywear-running-shoes-men/p/itm0240fdb438236?pid=SHOGWUPK4GPJABBT&lid=LSTSHOGWUPK4GPJABBT782HES&marketplace=FLIPKART&q=sports+shoes+for+men&store=osp%2Fcil%2F1cu&srno=s_5_167&otracker=search&otracker1=search&fm=Search&iid=en_B18L1tGe3F4nFcZQ-jdhEku-U0mmmlaBU74_GSSpV6dztMPcBWynxV57O3-eC8tZUUuoLYW_us-EMre80VN-Jg%3D%3D&ppt=sp&ppn=sp&ssid=rpr8k38nkg0000001766863337594&qH=f972ce6c5fecb395,"Free Kicks 
FK- 447 Dailywear Running Shoes For Men  (Grey, Green , 8)",301,shoes
https://www.flipkart.com/jqr-3d-max-running-shoes-men/p/itm3808c0273198c?pid=SHOHAY2QD9DZR2CK&lid=LSTSHOHAY2QD9DZR2CKGQHD1Q&marketplace=FLIPKART&q=sports+shoes+for+men&store=osp%2Fcil%2F1cu&srno=s_5_168&otracker=search&otracker1=search&fm=Search&iid=en_B18L1tGe3F4nFcZQ-jdhEku-U0mmmlaBU74_GSSpV6ead5UA2NLkmn_hzOnf7twhdOM_0hB3Yr8INi3sTOETpPUFjCTyOHoHZs-Z5_PS_w0%3D&ppt=sp&ppn=sp&ssid=rpr8k38nkg0000001766863337594&qH=f972ce6c5fecb395,"JQR 
3D-MAX Running Shoes For Men  (White , 8)",927,shoes
https://www.flipkart.com/xtoon-white-casual-gym-training-running-sneakers-men-s-men/p/itme89800eee35a5?pid=SHOG47JFRSZJAHJC&lid=LSTSHOG47JFRSZJAHJCUGUIYL&marketplace=FLIPKART&q=sports+shoes+for+men&store=osp%2Fcil%2F1cu&srno=s_5_169&otracker=search&otracker1=search&fm=Search&iid=0e679bb1-c4e2-43b9-8765-3feb22ee81f4.SHOG47JFRSZJAHJC.SEARCH&ppt=sp&ppn=sp&ssid=rpr8k38nkg0000001766863337594&qH=f972ce6c5fecb395,"Xtoon 
White casual, gym,training & Running sneakers for men's.. Sneakers For Men  (White , 7)",435,shoes
https://www.flipkart.com/new-oranie-stylish-sports-shoes-men-running/p/itm600401627b798?pid=SHOHHNFYNSSSYEFW&lid=LSTSHOHHNFYNSSSYEFWO3ZK0F&marketplace=FLIPKART&q=sports+shoes+for+men&store=osp%2Fcil%2F1cu&srno=s_5_170&otracker=search&otracker1=search&fm=Search&iid=0e679bb1-c4e2-43b9-8765-3feb22ee81f4.SHOHHNFYNSSSYEFW.SEARCH&ppt=sp&ppn=sp&ssid=rpr8k38nkg0000001766863337594&qH=f972ce6c5fecb395,"New Oranie 
Stylish Sports Shoes for Men Running Shoes For Men  (Grey , 6)",646,shoes
https://www.flipkart.com/bruton-lite-sports-shoes-running-men/p/itm6a11d96a24e7f?pid=SHOGZHWZRGW2JFSB&lid=LSTSHOGZHWZRGW2JFSBHHOLJQ&marketplace=FLIPKART&q=sports+shoes+for+men&store=osp%2Fcil%2F1cu&srno=s_5_171&otracker=search&otracker1=search&fm=Search&iid=en_B18L1tGe3F4nFcZQ-jdhEku-U0mmmlaBU74_GSSpV6e8yVCQVIrLpMfr4-KKWyPccpCQhN0_eSWlCNOH9YY8zQ%3D%3D&ppt=sp&ppn=sp&ssid=rpr8k38nkg0000001766863337594&qH=f972ce6c5fecb395,"BRUTON 
Lite Sports Shoes Running Shoes For Men  (Black , 10)",470,shoes
https://www.flipkart.com/free-kicks-fk-394-premium-running-shoes-men/p/itm6df7358e458ef?pid=SHOGDGYKDZEPNURT&lid=LSTSHOGDGYKDZEPNURTLJJDF1&marketplace=FLIPKART&q=sports+shoes+for+men&store=osp%2Fcil%2F1cu&srno=s_5_172&otracker=search&otracker1=search&fm=Search&iid=en_B18L1tGe3F4nFcZQ-jdhEku-U0mmmlaBU74_GSSpV6fjX0B6tSTbohaAcNwgRm75izDeEheytDeXs4elYoW5tA%3D%3D&ppt=sp&ppn=sp&ssid=rpr8k38nkg0000001766863337594&qH=f972ce6c5fecb395,"Free Kicks 
FK-394 Premium Running Shoes For Men  (Blue, Orange , 10)",319,shoes
https://www.flipkart.com/abros-inter-ceptor-5-running-shoes-men/p/itm6f14d9c75d676?pid=SHOGZYY94VHUBH7G&lid=LSTSHOGZYY94VHUBH7GLIJXFK&marketplace=FLIPKART&q=sports+shoes+for+men&store=osp%2Fcil%2F1cu&srno=s_5_173&otracker=search&otracker1=search&fm=Search&iid=0e679bb1-c4e2-43b9-8765-3feb22ee81f4.SHOGZYY94VHUBH7G.SEARCH&ppt=sp&ppn=sp&ssid=rpr8k38nkg0000001766863337594&qH=f972ce6c5fecb395,"Abros 
INTER CEPTOR-5 Running Shoes For Men  (Grey , 10)",818,shoes
https://www.flipkart.com/goldstar-602-running-shoes-men/p/itm446832f8b2558?pid=SHOGWFMU79JKFH9K&lid=LSTSHOGWFMU79JKFH9KXP71GI&marketplace=FLIPKART&q=sports+shoes+for+men&store=osp%2Fcil%2F1cu&srno=s_5_174&otracker=search&otracker1=search&fm=Search&iid=0e679bb1-c4e2-43b9-8765-3feb22ee81f4.SHOGWFMU79JKFH9K.SEARCH&ppt=sp&ppn=sp&ssid=rpr8k38nkg0000001766863337594&qH=f972ce6c5fecb395,"GOLDSTAR 
602 Running Shoes For Men  (White , 11)",499,shoes
https://www.flipkart.com/asian-sneaker-men-soft-cushioned-insole-slip-resistance-training-gym-shoes-running-men/p/itm4fa21f875171e?pid=SHOHBEPYNYEDBRJA&lid=LSTSHOHBEPYNYEDBRJAYJG4U2&marketplace=FLIPKART&q=sports+shoes+for+men&store=osp%2Fcil%2F1cu&srno=s_5_175&otracker=search&otracker1=search&fm=Search&iid=0e679bb1-c4e2-43b9-8765-3feb22ee81f4.SHOHBEPYNYEDBRJA.SEARCH&ppt=sp&ppn=sp&ssid=rpr8k38nkg0000001766863337594&qH=f972ce6c5fecb395,"asian 
Sneaker For Men| Soft Cushioned Insole, Slip-Resistance Training & Gym Shoes Running Shoes For Men  (White , 8)",1020,shoes
https://www.flipkart.com/nike-promina-walking-shoes-men/p/itm48c82aa37b646?pid=SHOHGTBKS7RAHTBA&lid=LSTSHOHGTBKS7RAHTBACETFMO&marketplace=FLIPKART&q=sports+shoes+for+men&store=osp%2Fcil%2F1cu&srno=s_5_176&otracker=search&otracker1=search&fm=Search&iid=0e679bb1-c4e2-43b9-8765-3feb22ee81f4.SHOHGTBKS7RAHTBA.SEARCH&ppt=sp&ppn=sp&ssid=rpr8k38nkg0000001766863337594&qH=f972ce6c5fecb395,"NIKE 
Promina Walking Shoes For Men  (Grey , 11)",4995,shoes
https://www.flipkart.com/world-wear-footwear-exclusive-affordable-collection-trendy-stylish-sports-shoes-running-men/p/itmbe7e0c5139378?pid=SHOH35F7VZT8NHQG&lid=LSTSHOH35F7VZT8NHQGQR0RKF&marketplace=FLIPKART&q=sports+shoes+for+men&store=osp%2Fcil%2F1cu&srno=s_5_177&otracker=search&otracker1=search&fm=Search&iid=en_B18L1tGe3F4nFcZQ-jdhEku-U0mmmlaBU74_GSSpV6eTk4LT8yxEL_CUMuWRrLPRwDinpU_60wU8AG1_4lIflw%3D%3D&ppt=sp&ppn=sp&ssid=rpr8k38nkg0000001766863337594&qH=f972ce6c5fecb395,"World Wear Footwear 
Exclusive Affordable Collection of Trendy & Stylish Sports Shoes Running Shoes For Men  (Brown , 8)",491,shoes
https://www.flipkart.com/hotstyle-smoke-grey-7-sneakers-men/p/itmdc25aa4057765?pid=SHOHFY7UJH32F3ZK&lid=LSTSHOHFY7UJH32F3ZKVUTYZE&marketplace=FLIPKART&q=sports+shoes+for+men&store=osp%2Fcil%2F1cu&srno=s_5_178&otracker=search&otracker1=search&fm=Search&iid=en_B18L1tGe3F4nFcZQ-jdhEku-U0mmmlaBU74_GSSpV6eN7cigYRJE63vWr_BLTjpxZypFiUmc8uWUBxYsXsVePQ%3D%3D&ppt=sp&ppn=sp&ssid=rpr8k38nkg0000001766863337594&qH=f972ce6c5fecb395,"HOTSTYLE 
SMOKE-GREY-7 Sneakers For Men  (White, Grey , 7)",445,shoes
https://www.flipkart.com/asian-creta-12-sports-shoes-men-latest-stylish-casual-sport-running-boys-lace-up-lightweight-grey-running-walking-gym-trekking-hiking-party-sneakers/p/itm6f12379135c5f?pid=SHOG2JYTH2ZJUMVG&lid=LSTSHOG2JYTH2ZJUMVGHDF4J6&marketplace=FLIPKART&q=sports+shoes+for+men&store=osp%2Fcil%2F1cu&srno=s_5_179&otracker=search&otracker1=search&fm=Search&iid=0e679bb1-c4e2-43b9-8765-3feb22ee81f4.SHOG2JYTH2ZJUMVG.SEARCH&ppt=sp&ppn=sp&ssid=rpr8k38nkg0000001766863337594&qH=f972ce6c5fecb395,"asian 
Creta-12 sports shoes for men | Latest Stylish Casual sport shoes for men | running shoes for boys | Lace up Lightweight grey shoes for running, walking, gym, trekking, hiking & party Sneakers For Men  (Grey , 6)",906,shoes
https://www.flipkart.com/campus-logic-running-shoes-men/p/itmec329d7992955?pid=SHOFY7WRUHT39GHH&lid=LSTSHOFY7WRUHT39GHHFJRCUT&marketplace=FLIPKART&q=sports+shoes+for+men&store=osp%2Fcil%2F1cu&srno=s_5_180&otracker=search&otracker1=search&fm=Search&iid=0e679bb1-c4e2-43b9-8765-3feb22ee81f4.SHOFY7WRUHT39GHH.SEARCH&ppt=sp&ppn=sp&ssid=rpr8k38nkg0000001766863337594&qH=f972ce6c5fecb395,"CAMPUS 
LOGIC Running Shoes For Men  (Black , 8)",859,shoes
https://www.flipkart.com/hotstyle-running-shoes-men/p/itmccb11d3ba330c?pid=SHOHBFS4JYQUUZKR&lid=LSTSHOHBFS4JYQUUZKRWY4YTR&marketplace=FLIPKART&q=sports+shoes+for+men&store=osp%2Fcil%2F1cu&srno=s_5_181&otracker=search&otracker1=search&fm=Search&iid=en_B18L1tGe3F4nFcZQ-jdhEku-U0mmmlaBU74_GSSpV6fwPw4DMqtHHnc1NpmGjYGv7BOe7pMaG4aglQx55uUbYg%3D%3D&ppt=sp&ppn=sp&ssid=rpr8k38nkg0000001766863337594&qH=f972ce6c5fecb395,"HOTSTYLE 
Running Shoes For Men  (Multicolor , 8)",445,shoes
https://www.flipkart.com/free-kicks-kicks-444-latest-running-shoes-men/p/itm491f1e0a9973a?pid=SHOH92F2KHV6BYRW&lid=LSTSHOH92F2KHV6BYRWL2RBY8&marketplace=FLIPKART&q=sports+shoes+for+men&store=osp%2Fcil%2F1cu&srno=s_5_182&otracker=search&otracker1=search&fm=Search&iid=en_B18L1tGe3F4nFcZQ-jdhEku-U0mmmlaBU74_GSSpV6dcfyb9NM9T-a2pwsyOYOCf8fv2B1co6T1rHtBfW-8JhQ%3D%3D&ppt=sp&ppn=sp&ssid=rpr8k38nkg0000001766863337594&qH=f972ce6c5fecb395,"Free Kicks 
FREE KICKS-444 Latest Running Shoes For Men  (Grey, Orange , 10)",319,shoes
https://www.flipkart.com/feroc-toofan-pu-football-shoes-men/p/itmd60b27557569c?pid=SHOGGDFBWHWRRSVW&lid=LSTSHOGGDFBWHWRRSVWVRXUE8&marketplace=FLIPKART&q=sports+shoes+for+men&store=osp%2Fcil%2F1cu&srno=s_5_183&otracker=search&otracker1=search&fm=Search&iid=0e679bb1-c4e2-43b9-8765-3feb22ee81f4.SHOGGDFBWHWRRSVW.SEARCH&ppt=sp&ppn=sp&ssid=rpr8k38nkg0000001766863337594&qH=f972ce6c5fecb395,"FEROC 
Feroc TOOFAN Pu Football Shoes For Men  (White , 2)",498,shoes
https://www.flipkart.com/adidas-ultimashow-ikd-m-men/p/itm716cee7df693f?pid=SHOHGWZ5NYFRXYNU&lid=LSTSHOHGWZ5NYFRXYNUOQCBZN&marketplace=FLIPKART&q=sports+shoes+for+men&store=osp%2Fcil%2F1cu&srno=s_5_184&otracker=search&otracker1=search&fm=Search&iid=0e679bb1-c4e2-43b9-8765-3feb22ee81f4.SHOHGWZ5NYFRXYNU.SEARCH&ppt=sp&ppn=sp&ssid=rpr8k38nkg0000001766863337594&qH=f972ce6c5fecb395,"ADIDAS 
ULTIMASHOW IKD M For Men  (Black , 7)",5599,shoes
https://www.flipkart.com/asian-wndr-13-sports-shoes-men-latest-stylish-casual-sport-running-boys-lace-up-lightweight-gray-running-walking-gym-trekking-hiking-party-running/p/itmfexam9utsputk?pid=SHOF3KF5G5WU9QUG&lid=LSTSHOF3KF5G5WU9QUGTHQEAS&marketplace=FLIPKART&q=sports+shoes+for+men&store=osp%2Fcil%2F1cu&srno=s_5_185&otracker=search&otracker1=search&fm=Search&iid=0e679bb1-c4e2-43b9-8765-3feb22ee81f4.SHOF3KF5G5WU9QUG.SEARCH&ppt=sp&ppn=sp&ssid=rpr8k38nkg0000001766863337594&qH=f972ce6c5fecb395,"asian 
wndr-13 sports shoes for men | Latest Stylish Casual sport shoes for men |running shoes for boys | Lace up Lightweight gray shoes for running, walking, gym, trekking, hiking & party Running Shoes For Men  (Multicolor , 7)",662,shoes
https://www.flipkart.com/hundred-court-flyer-non-marking-badminton-shoes-men/p/itm2c0dec6276ff6?pid=SHOHBFG66SZEENYH&lid=LSTSHOHBFG66SZEENYHFAVPP5&marketplace=FLIPKART&q=sports+shoes+for+men&store=osp%2Fcil%2F1cu&srno=s_5_186&otracker=search&otracker1=search&fm=Search&iid=0e679bb1-c4e2-43b9-8765-3feb22ee81f4.SHOHBFG66SZEENYH.SEARCH&ppt=sp&ppn=sp&ssid=rpr8k38nkg0000001766863337594&qH=f972ce6c5fecb395,"Hundred 
Court Flyer Non Marking Badminton Shoes For Men  (Black, Blue , 10)",999,shoes
https://www.flipkart.com/foot-trends-safety-shoes-steel-toes-industrial-construction-warehouse-use-men/p/itme7116d0ceeb1d?pid=SHOHDNPGHFCHUMJS&lid=LSTSHOHDNPGHFCHUMJS8YHZO2&marketplace=FLIPKART&q=sports+shoes+for+men&store=osp%2Fcil%2F1cu&srno=s_5_187&otracker=search&otracker1=search&fm=Search&iid=en_B18L1tGe3F4nFcZQ-jdhEku-U0mmmlaBU74_GSSpV6dPw-1vFg-RkQHjOkcwimaCxmlqFWN5RhAIik45DTy5gA%3D%3D&ppt=sp&ppn=sp&ssid=rpr8k38nkg0000001766863337594&qH=f972ce6c5fecb395,"foot trends 
Safety shoes with steel toes for industrial, construction and warehouse use For Men  (Black , 10)",495,shoes
https://www.flipkart.com/bruton-hockey-931-sports-running-shoes-men/p/itmf38ca3d6109fb?pid=SHOH9SXYZKZJ7YSK&lid=LSTSHOH9SXYZKZJ7YSKOXPA1I&marketplace=FLIPKART&q=sports+shoes+for+men&store=osp%2Fcil%2F1cu&srno=s_5_188&otracker=search&otracker1=search&fm=Search&iid=en_B18L1tGe3F4nFcZQ-jdhEku-U0mmmlaBU74_GSSpV6d0ehEIpH6UX1VZtPAC-LZ1R4SHmNRJTNRvLm-Q_1fMaw%3D%3D&ppt=sp&ppn=sp&ssid=rpr8k38nkg0000001766863337594&qH=f972ce6c5fecb395,"BRUTON 
HOCKEY-931 | Sports Running Shoes For Men  (Blue , 6)",482,shoes
https://www.flipkart.com/asian-thar-01-grey-sneakers-sports-training-gym-walking-stylish-men/p/itm068b33789b883?pid=SHOGHCHGWKZ4SCZP&lid=LSTSHOGHCHGWKZ4SCZPD46KAE&marketplace=FLIPKART&q=sports+shoes+for+men&store=osp%2Fcil%2F1cu&srno=s_5_189&otracker=search&otracker1=search&fm=Search&iid=0e679bb1-c4e2-43b9-8765-3feb22ee81f4.SHOGHCHGWKZ4SCZP.SEARCH&ppt=sp&ppn=sp&ssid=rpr8k38nkg0000001766863337594&qH=f972ce6c5fecb395,"asian 
Thar-01 Grey Sneakers,Sports,Training,Gym,Walking,Stylish For Men  (Grey, Black , 10)",877,shoes
https://www.flipkart.com/adidas-duramo-sl2-ikd-m-men/p/itm4c4a033b900dc?pid=SHOHGWZ5ZD4GKCHN&lid=LSTSHOHGWZ5ZD4GKCHNSLFBJS&marketplace=FLIPKART&q=sports+shoes+for+men&store=osp%2Fcil%2F1cu&srno=s_5_190&otracker=search&otracker1=search&fm=Search&iid=0e679bb1-c4e2-43b9-8765-3feb22ee81f4.SHOHGWZ5ZD4GKCHN.SEARCH&ppt=sp&ppn=sp&ssid=rpr8k38nkg0000001766863337594&qH=f972ce6c5fecb395,"ADIDAS 
DURAMO SL2 IKD M For Men  (White , 9)",4899,shoes
https://www.flipkart.com/action-athleo-atg-496-comfortable-lightweight-breathable-sports-lace-up-running-shoes-men/p/itm90d871abea385?pid=SHOGE95CM58GQ7XK&lid=LSTSHOGE95CM58GQ7XK54HBNS&marketplace=FLIPKART&q=sports+shoes+for+men&store=osp%2Fcil%2F1cu&srno=s_5_191&otracker=search&otracker1=search&fm=Search&iid=en_B18L1tGe3F4nFcZQ-jdhEku-U0mmmlaBU74_GSSpV6dFXKvRoIkHjxMWcGcZa_S7EPpPpWkEadf9yQMae2JpdX3Gaq_wzx4HJysDmGalzMk%3D&ppt=sp&ppn=sp&ssid=rpr8k38nkg0000001766863337594&qH=f972ce6c5fecb395,"action 
Athleo ATG 496 Comfortable Lightweight Breathable Sports Lace Up Running Shoes For Men  (White , 8)",829,shoes
https://www.flipkart.com/action-athleo-bullet-405-stylish-lightweight-comfortable-sports-lace-up-running-shoes-men/p/itm7ea958b3a61e8?pid=SHOH4WB79GSZAHFN&lid=LSTSHOH4WB79GSZAHFNBGHLBV&marketplace=FLIPKART&q=sports+shoes+for+men&store=osp%2Fcil%2F1cu&srno=s_5_192&otracker=search&otracker1=search&fm=Search&iid=en_B18L1tGe3F4nFcZQ-jdhEku-U0mmmlaBU74_GSSpV6eqE2tYlMxF5nJe74ODz3qRtu7mUuDs6wf00evP_DqmKevN4Mn-dv-pi277bRzMbnY%3D&ppt=sp&ppn=sp&ssid=rpr8k38nkg0000001766863337594&qH=f972ce6c5fecb395,"action 
Athleo BULLET 405 Stylish Lightweight Comfortable Sports Lace Up Running Shoes For Men  (White, Blue , 8)",1098,shoes
https://www.flipkart.com/killer-22508-t-blue-eva-walking-shoes-men/p/itm3ef49144d6efa?pid=SHOGJ755NFKW3BPN&lid=LSTSHOGJ755NFKW3BPNOKKCQD&marketplace=FLIPKART&q=sports+shoes+for+men&store=osp%2Fcil%2F1cu&srno=s_5_193&otracker=search&otracker1=search&fm=Search&iid=0e679bb1-c4e2-43b9-8765-3feb22ee81f4.SHOGJ755NFKW3BPN.SEARCH&ppt=sp&ppn=sp&ssid=rpr8k38nkg0000001766863337594&qH=f972ce6c5fecb395,"KILLER 
22508-T.Blue Eva Walking Shoes For Men  (Blue , 10)",630,shoes
https://www.flipkart.com/adidas-jauntza-m-running-shoes-men/p/itm6dbf3ff735c3e?pid=SHOGP9WCRNPMNAWR&lid=LSTSHOGP9WCRNPMNAWRXSELLU&marketplace=FLIPKART&q=sports+shoes+for+men&store=osp%2Fcil%2F1cu&srno=s_5_194&otracker=search&otracker1=search&fm=Search&iid=0e679bb1-c4e2-43b9-8765-3feb22ee81f4.SHOGP9WCRNPMNAWR.SEARCH&ppt=sp&ppn=sp&ssid=rpr8k38nkg0000001766863337594&qH=f972ce6c5fecb395,"ADIDAS 
Jauntza M Running Shoes For Men  (Blue , 10)",1396,shoes
https://www.flipkart.com/red-tape-athleisure-shoes-men-cultured-round-toe-shape-cushioning-technology-walking/p/itm0a9fe0ecf91b5?pid=SHOH9ZHV9ZF9KHRU&lid=LSTSHOH9ZHV9ZF9KHRUHO77OA&marketplace=FLIPKART&q=sports+shoes+for+men&store=osp%2Fcil%2F1cu&srno=s_5_195&otracker=search&otracker1=search&fm=Search&iid=0e679bb1-c4e2-43b9-8765-3feb22ee81f4.SHOH9ZHV9ZF9KHRU.SEARCH&ppt=sp&ppn=sp&ssid=rpr8k38nkg0000001766863337594&qH=f972ce6c5fecb395,"RED TAPE 
Athleisure Shoes for Men |Cultured Round-Toe Shape & Cushioning Technology Walking Shoes For Men  (Black , 6)",1576,shoes
https://www.flipkart.com/adidas-duramo-sl2-ikd-m-men/p/itm7a76bcee8ea1b?pid=SHOHGWZ5KYXFKKPK&lid=LSTSHOHGWZ5KYXFKKPKCDCGBR&marketplace=FLIPKART&q=sports+shoes+for+men&store=osp%2Fcil%2F1cu&srno=s_5_196&otracker=search&otracker1=search&fm=Search&iid=0e679bb1-c4e2-43b9-8765-3feb22ee81f4.SHOHGWZ5KYXFKKPK.SEARCH&ppt=sp&ppn=sp&ssid=rpr8k38nkg0000001766863337594&qH=f972ce6c5fecb395,"ADIDAS 
DURAMO SL2 IKD M For Men  (Blue , 11)",4899,shoes
https://www.flipkart.com/clymb-es-21-hockey-walking-outdoor-gym-traning-running-shoes-men/p/itmc8c6664334d1c?pid=SHOGRKEFPZCYWM2P&lid=LSTSHOGRKEFPZCYWM2PK6DIQA&marketplace=FLIPKART&q=sports+shoes+for+men&store=osp%2Fcil%2F1cu&srno=s_5_197&otracker=search&otracker1=search&fm=Search&iid=en_B18L1tGe3F4nFcZQ-jdhEku-U0mmmlaBU74_GSSpV6d3HhsB8Id_rTyeWKfqnEaaiflwmZE8xn0suITWqLIMgQ%3D%3D&ppt=sp&ppn=sp&ssid=rpr8k38nkg0000001766863337594&qH=f972ce6c5fecb395,"CLYMB 
ES-21 Hockey Walking/Outdoor/Gym & Traning Running Shoes For Men  (Grey , 10)",460,shoes
https://www.flipkart.com/bruton-lite-sport-shoes-runing-running-men/p/itm53b2adb134c0e?pid=SHOGYEWSADQXQ3Y5&lid=LSTSHOGYEWSADQXQ3Y56OYUBY&marketplace=FLIPKART&q=sports+shoes+for+men&store=osp%2Fcil%2F1cu&srno=s_5_198&otracker=search&otracker1=search&fm=Search&iid=en_B18L1tGe3F4nFcZQ-jdhEku-U0mmmlaBU74_GSSpV6dOy19Ag_9dMPmZOyf5EC3JvAXrXPQMQhNpXiKdq4Y73g%3D%3D&ppt=sp&ppn=sp&ssid=rpr8k38nkg0000001766863337594&qH=f972ce6c5fecb395,"BRUTON 
Lite Sport Shoes , Runing Shoes Running Shoes For Men  (White , 6)",444,shoes
https://www.flipkart.com/lakhani-081-outdoors-men/p/itm34955e6090314?pid=SHOFZSW6KAC6GZFG&lid=LSTSHOFZSW6KAC6GZFG9GTOW7&marketplace=FLIPKART&q=sports+shoes+for+men&store=osp%2Fcil%2F1cu&srno=s_5_199&otracker=search&otracker1=search&fm=Search&iid=0e679bb1-c4e2-43b9-8765-3feb22ee81f4.SHOFZSW6KAC6GZFG.SEARCH&ppt=sp&ppn=sp&ssid=rpr8k38nkg0000001766863337594&qH=f972ce6c5fecb395,"Lakhani 
081 Outdoors For Men  (White , 7)",1828,shoes
https://www.flipkart.com/red-tape-athleisure-shoes-men-cultured-round-toe-shape-cushioning-technology-walking/p/itmaae3d6b4dfc60?pid=SHOH3YZDG9VZ3NDV&lid=LSTSHOH3YZDG9VZ3NDV1Z7SPN&marketplace=FLIPKART&q=sports+shoes+for+men&store=osp%2Fcil%2F1cu&srno=s_5_200&otracker=search&otracker1=search&fm=Search&iid=0e679bb1-c4e2-43b9-8765-3feb22ee81f4.SHOH3YZDG9VZ3NDV.SEARCH&ppt=sp&ppn=sp&ssid=rpr8k38nkg0000001766863337594&qH=f972ce6c5fecb395,"RED TAPE 
Athleisure Shoes for Men | Cultured Round-Toe Shape & Cushioning Technology Walking Shoes For Men  (White, Grey , 9)",1468,shoes
https://www.flipkart.com/xtoon-white-casual-gym-training-running-sneakers-men-s-men/p/itme89800eee35a5?pid=SHOG47JFRSZJAHJC&marketplace=FLIPKART,"Xtoon 
White casual, gym,training & Running sneakers for men's.. Sneakers For Men  (White , 7)",435,shoes
